old_path,new_path,year,title,video_id,date
03_Reference/transcripts/20210101-Pv_OZJZOCYk.txt,03_Reference/transcripts/2021/Patrik Laine TRADE To The Philadelphia Flyers Coming Soon [Pv_OZJZOCYk].txt,2021,Patrik Laine TRADE To The Philadelphia Flyers Coming Soon?,Pv_OZJZOCYk,2021-01-01
03_Reference/transcripts/20210106-IZt3K-7Ax9Q.txt,03_Reference/transcripts/2021/Pierre Luc Dubois TRADE To The Montreal Canadiens Might Happen Here's Why [IZt3K-7Ax9Q].txt,2021,Pierre Luc Dubois TRADE To The Montreal Canadiens Might Happen: Here's Why,IZt3K-7Ax9Q,2021-01-06
03_Reference/transcripts/20210117-6i8aspJ5cfs.txt,03_Reference/transcripts/2021/EARLY 2021 NHL Mock Draft Rankings (TOP 10 Prospects) [6i8aspJ5cfs].txt,2021,EARLY 2021 NHL Mock Draft Rankings (TOP 10 Prospects),6i8aspJ5cfs,2021-01-17
03_Reference/transcripts/20210201-Ku9XmSZo8pY.txt,03_Reference/transcripts/2021/Why Tim Stützle Is a BETTER Player Than Alexis Lafreniere and Will Have a Better Career [Ku9XmSZo8pY].txt,2021,Why Tim Stützle Is a BETTER Player Than Alexis Lafreniere and Will Have a Better Career,Ku9XmSZo8pY,2021-02-01
03_Reference/transcripts/20210212-bJ3oaG2SI8M.txt,03_Reference/transcripts/2021/Why Nils Hoglander Will Be A BETTER Player Than Kirill Kaprizov And Will Have A Better Career [bJ3oaG2SI8M].txt,2021,Why Nils Hoglander Will Be A BETTER Player Than Kirill Kaprizov And Will Have A Better Career,bJ3oaG2SI8M,2021-02-12
03_Reference/transcripts/20210223-FbAW3QStMoQ.txt,03_Reference/transcripts/2021/Why Trevor Zegras Is The GREATEST NHL Prospect (And Could Be One Of The NHL's Best) [FbAW3QStMoQ].txt,2021,Why Trevor Zegras Is The GREATEST NHL Prospect (And Could Be One Of The NHL's Best),FbAW3QStMoQ,2021-02-23
03_Reference/transcripts/20210316-5JU4TpReflg.txt,03_Reference/transcripts/2021/Seattle Kraken 2021 MOCK DRAFT (1 Player From Every Team That Will Be On The Kraken) [5JU4TpReflg].txt,2021,Seattle Kraken 2021 MOCK DRAFT (1 Player From Every Team That Will Be On The Kraken),5JU4TpReflg,2021-03-16
03_Reference/transcripts/20210324-mAVyiK6n1zI.txt,03_Reference/transcripts/2021/David Pastrnak vs Auston Matthews Who Is The Best Sniper In The NHL (DEBATE) [mAVyiK6n1zI].txt,2021,David Pastrnak vs Auston Matthews: Who Is The Best Sniper In The NHL? (DEBATE),mAVyiK6n1zI,2021-03-24
03_Reference/transcripts/20210412-ioLkHSEEqSM.txt,03_Reference/transcripts/2021/Taylor Hall TRADE To The St. Louis Blues COMING SOON (2021 NHL Trade Deadline Rumours) [ioLkHSEEqSM].txt,2021,Taylor Hall TRADE To The St. Louis Blues COMING SOON? (2021 NHL Trade Deadline Rumours),ioLkHSEEqSM,2021-04-12
03_Reference/transcripts/20210412-jr6Ccr7AmNk.txt,03_Reference/transcripts/2021/TAYLOR HALL TRADED To The BOSTON BRUINS For 2nd and Anders Bjork (NHL Trade Deadline 2021) [jr6Ccr7AmNk].txt,2021,TAYLOR HALL TRADED To The BOSTON BRUINS For 2nd and Anders Bjork (NHL Trade Deadline 2021),jr6Ccr7AmNk,2021-04-12
03_Reference/transcripts/20210515-_tSb1KYU8dY.txt,03_Reference/transcripts/2021/My 2021 Stanley Cup Playoff Predictions (NHL Playoff Bracket Challenge) [_tSb1KYU8dY].txt,2021,My 2021 Stanley Cup Playoff Predictions (NHL Playoff Bracket Challenge),_tSb1KYU8dY,2021-05-15
03_Reference/transcripts/20210818-YDjCU4BBu-8.txt,03_Reference/transcripts/2021/Why Tim Stützle Is STILL a BETTER Player Than Alexis Lafreniere & WILL Have a better Career [YDjCU4BBu-8].txt,2021,Why Tim Stützle Is STILL a BETTER Player Than Alexis Lafreniere & WILL Have a better Career,YDjCU4BBu-8,2021-08-18
03_Reference/transcripts/20220306-kkq5MHGhCfU.txt,03_Reference/transcripts/2022/What Actually Happened to The Montreal Canadiens - Cup Finalists to Last Place in the NHL [kkq5MHGhCfU].txt,2022,What Actually Happened to The Montreal Canadiens? - Cup Finalists to Last Place in the NHL,kkq5MHGhCfU,2022-03-06
03_Reference/transcripts/20220318-X4pxulDgHgk.txt,03_Reference/transcripts/2022/Claude Giroux TRADE to The Florida Panthers For 1st and 3rd Round Pick & Owen Tippet [X4pxulDgHgk].txt,2022,Claude Giroux TRADE to The Florida Panthers For 1st and 3rd Round Pick & Owen Tippet,X4pxulDgHgk,2022-03-18
03_Reference/transcripts/20220320-DK8sNP-3vZQ.txt,03_Reference/transcripts/2022/Mark Giordano TRADED to The Toronto Maple Leafs Confirmed [DK8sNP-3vZQ].txt,2022,Mark Giordano TRADED to The Toronto Maple Leafs Confirmed,DK8sNP-3vZQ,2022-03-20
03_Reference/transcripts/20220321-tWWRbQ4Udi0.txt,03_Reference/transcripts/2022/Artturi Lehkonen TRADED to The Colorado Avalanche For a 2nd Round Pick [tWWRbQ4Udi0].txt,2022,Artturi Lehkonen TRADED to The Colorado Avalanche For a 2nd Round Pick,tWWRbQ4Udi0,2022-03-21
03_Reference/transcripts/20220504-hGIDAE2ZNQI.txt,03_Reference/transcripts/2022/My 2022 Stanley Cup Playoff Predictions (NHL Playoff Bracket Challenge) [hGIDAE2ZNQI].txt,2022,My 2022 Stanley Cup Playoff Predictions (NHL Playoff Bracket Challenge),hGIDAE2ZNQI,2022-05-04
03_Reference/transcripts/20220513-dUgCI2EnXOo.txt,03_Reference/transcripts/2022/The Leafs CHOKED AGAIN! Toronto Maple Leafs vs Tampa Bay Lightning NHL Playoffs 2022 Game 6 [dUgCI2EnXOo].txt,2022,The Leafs CHOKED AGAIN! Toronto Maple Leafs vs Tampa Bay Lightning NHL Playoffs 2022 Game 6,dUgCI2EnXOo,2022-05-13
03_Reference/transcripts/20220515-EJ462l3m-eM.txt,03_Reference/transcripts/2022/RANT LEAFS LOSE IN GAME 7 AGAIN! Changes Coming SOON - Toronto Maple Leafs vs Tampa Bay Lightning [EJ462l3m-eM].txt,2022,RANT: LEAFS LOSE IN GAME 7 AGAIN! Changes Coming SOON - Toronto Maple Leafs vs Tampa Bay Lightning,EJ462l3m-eM,2022-05-15
03_Reference/transcripts/20220524-8TWcN_a7ccw.txt,03_Reference/transcripts/2022/Will Shane Wright be BETTER Than Cole Caufield - Montreal Canadiens 2022 NHL Draft [8TWcN_a7ccw].txt,2022,Will Shane Wright be BETTER Than Cole Caufield? - Montreal Canadiens 2022 NHL Draft,8TWcN_a7ccw,2022-05-24
03_Reference/transcripts/20220625-2Yhwo4LRIkM.txt,03_Reference/transcripts/2022/JT Miller TRADE to the Montreal Canadiens for First Overall Pick [2Yhwo4LRIkM].txt,2022,JT Miller TRADE to the Montreal Canadiens for First Overall Pick?,2Yhwo4LRIkM,2022-06-25
03_Reference/transcripts/20220709-5W31nv7bydk.txt,03_Reference/transcripts/2022/Did the Habs Make the RIGHT Choice Drafting Juraj Slafkovsky Over Shane Wright - 2022 NHL Draft [5W31nv7bydk].txt,2022,Did the Habs Make the RIGHT Choice Drafting Juraj Slafkovsky Over Shane Wright? - 2022 NHL Draft,5W31nv7bydk,2022-07-09
03_Reference/transcripts/20220712-SAUl65ongBk.txt,03_Reference/transcripts/2022/Why the Canadiens FLEECED the Blackhawks by acquiring Kirby Dach - Montreal Canadiens Trades [SAUl65ongBk].txt,2022,Why the Canadiens FLEECED the Blackhawks by acquiring Kirby Dach - Montreal Canadiens Trades,SAUl65ongBk,2022-07-12
03_Reference/transcripts/20220715-fYySHqvyRL4.txt,03_Reference/transcripts/2022/The HARSH Truth of Why Johnny Gaudreau Left the Calgary Flames [fYySHqvyRL4].txt,2022,The HARSH Truth of Why Johnny Gaudreau Left the Calgary Flames,fYySHqvyRL4,2022-07-15
03_Reference/transcripts/20220716-ghFHpVzIVt0.txt,03_Reference/transcripts/2022/JEFF PETRY TRADED TO PENGUINS FOR MIKE MATHESON AND 4TH ROUND PICK - Canadiens Trade [ghFHpVzIVt0].txt,2022,JEFF PETRY TRADED TO PENGUINS FOR MIKE MATHESON AND 4TH ROUND PICK - Canadiens Trade,ghFHpVzIVt0,2022-07-16
03_Reference/transcripts/20220718-YYg1T8XQoEo.txt,03_Reference/transcripts/2022/Will Juraj Slafkovsky be BETTER than Cole Caufield - Montreal Canadiens Prospects News 2022 [YYg1T8XQoEo].txt,2022,Will Juraj Slafkovsky be BETTER than Cole Caufield? - Montreal Canadiens Prospects/News 2022,YYg1T8XQoEo,2022-07-18
03_Reference/transcripts/20220720-FHOyecpCmGM.txt,03_Reference/transcripts/2022/Matthew Tkachuk Will be TRADED This Week - Calgary Flames 2022 News and Updates [FHOyecpCmGM].txt,2022,Matthew Tkachuk Will be TRADED This Week - Calgary Flames 2022 News and Updates,FHOyecpCmGM,2022-07-20
03_Reference/transcripts/20220722-CCoYTIQjPHA.txt,03_Reference/transcripts/2022/Why Connor Bedard WILL Be Drafted By the Chicago Blackhawks - 2023 NHL Draft News [CCoYTIQjPHA].txt,2022,Why Connor Bedard WILL Be Drafted By the Chicago Blackhawks - 2023 NHL Draft News,CCoYTIQjPHA,2022-07-22
03_Reference/transcripts/20220723-lwRYQRUWRAU.txt,03_Reference/transcripts/2022/Why the Habs Should STAY AWAY From Pierre Luc Dubois - Why he is a Problem - NHL 2022 News [lwRYQRUWRAU].txt,2022,Why the Habs Should STAY AWAY From Pierre Luc Dubois - Why he is a Problem - NHL 2022 News,lwRYQRUWRAU,2022-07-23
03_Reference/transcripts/20220724-uHFk4E98bPU.txt,03_Reference/transcripts/2022/Why the Calgary Flames STILL LOST the Matthew Tkachuk Jonathan Huberdeau Trade - 2022 NHL News [uHFk4E98bPU].txt,2022,Why the Calgary Flames STILL LOST the Matthew Tkachuk/Jonathan Huberdeau Trade - 2022 NHL News,uHFk4E98bPU,2022-07-24
03_Reference/transcripts/20220726-F0aD4Bgd4gw.txt,03_Reference/transcripts/2022/Jonathan Huberdeau WANTS to Play for the Montreal Canadiens Next Season [F0aD4Bgd4gw].txt,2022,Jonathan Huberdeau WANTS to Play for the Montreal Canadiens Next Season?,F0aD4Bgd4gw,2022-07-26
03_Reference/transcripts/20220730-ZpgPVfdDCI8.txt,03_Reference/transcripts/2022/The HARSH Truth of Why Auston Matthews Will LEAVE the Toronto Maple Leafs in 2 Years [ZpgPVfdDCI8].txt,2022,The HARSH Truth of Why Auston Matthews Will LEAVE the Toronto Maple Leafs in 2 Years,ZpgPVfdDCI8,2022-07-30
03_Reference/transcripts/20220807-B9EcGcJuqXk.txt,"03_Reference/transcripts/2022/2023 NHL MOCK DRAFT RANKINGS - Top 10 Prospects (Connor Bedard, Matvei Michkov) [B9EcGcJuqXk].txt",2022,"2023 NHL MOCK DRAFT RANKINGS - Top 10 Prospects (Connor Bedard, Matvei Michkov)",B9EcGcJuqXk,2022-08-07
03_Reference/transcripts/20220819-_X-ztBTqTxU.txt,"03_Reference/transcripts/2022/Top 10 Montreal Canadiens Prospect Rankings 2022 (Slavkovsky, Guhle, Hutson) [_X-ztBTqTxU].txt",2022,"Top 10 Montreal Canadiens Prospect Rankings 2022 (Slavkovsky, Guhle, Hutson)",_X-ztBTqTxU,2022-08-19
03_Reference/transcripts/20220820-MPewTjTwhCQ.txt,03_Reference/transcripts/2022/Why the Habs FLEECED the Flames Getting Sean Monahan and 1st Round Pick for FREE - Canadiens Trades [MPewTjTwhCQ].txt,2022,Why the Habs FLEECED the Flames Getting Sean Monahan and 1st Round Pick for FREE - Canadiens Trades,MPewTjTwhCQ,2022-08-20
03_Reference/transcripts/20220823-3_BrwUpMgXg.txt,"03_Reference/transcripts/2022/Top 10 Detroit Red Wings Prospect Rankings 2022 (Edvinsson, Kasper, Cossa) [3_BrwUpMgXg].txt",2022,"Top 10 Detroit Red Wings Prospect Rankings 2022 (Edvinsson, Kasper, Cossa)",3_BrwUpMgXg,2022-08-23
03_Reference/transcripts/20220825-64owpQjZo80.txt,03_Reference/transcripts/2022/Patrick Kane TRADE to the Toronto Maple Leafs Coming Soon (Leafs Trade Rumours 2022) [64owpQjZo80].txt,2022,Patrick Kane TRADE to the Toronto Maple Leafs Coming Soon? (Leafs Trade Rumours 2022),64owpQjZo80,2022-08-25
03_Reference/transcripts/20220827-i0S7FHT-r7M.txt,03_Reference/transcripts/2022/Patrick Kane TRADE to the Edmonton Oilers Coming Soon (Oilers Trade Rumours 2022) [i0S7FHT-r7M].txt,2022,Patrick Kane TRADE to the Edmonton Oilers Coming Soon? (Oilers Trade Rumours 2022),i0S7FHT-r7M,2022-08-27
03_Reference/transcripts/20220830-zKMKuMmvF1g.txt,"03_Reference/transcripts/2022/Top 10 Toronto Maple Leafs Prospects Rankings 2022 (Knies, Amirov, Niemelä) [zKMKuMmvF1g].txt",2022,"Top 10 Toronto Maple Leafs Prospects Rankings 2022 (Knies, Amirov, Niemelä)",zKMKuMmvF1g,2022-08-30
03_Reference/transcripts/20220831-qKdUNSkpUiA.txt,03_Reference/transcripts/2022/Why Juraj Slafkovsky is a BETTER Player Than Shane Wright and Will Have a Better Career [qKdUNSkpUiA].txt,2022,Why Juraj Slafkovsky is a BETTER Player Than Shane Wright and Will Have a Better Career,qKdUNSkpUiA,2022-08-31
03_Reference/transcripts/20220902-NlKwoT-DAn8.txt,03_Reference/transcripts/2022/JT MILLER SIGNS HUGE DEAL WITH VANCOUVER CANUCKS (Canucks News Update 2022) [NlKwoT-DAn8].txt,2022,JT MILLER SIGNS HUGE DEAL WITH VANCOUVER CANUCKS (Canucks News Update 2022),NlKwoT-DAn8,2022-09-02
03_Reference/transcripts/20220904-TWwClDCQ05g.txt,03_Reference/transcripts/2022/Why Cole Caufield COULD Get Offersheeted Next Year (Montreal Canadiens News & Report 2022) [TWwClDCQ05g].txt,2022,Why Cole Caufield COULD Get Offersheeted Next Year (Montreal Canadiens News & Report 2022),TWwClDCQ05g,2022-09-04
03_Reference/transcripts/20220910-RIharZyyfyk.txt,03_Reference/transcripts/2022/What if Connor Bedard was DRAFTED By the Montreal Canadiens Habs News 2022 [RIharZyyfyk].txt,2022,What if Connor Bedard was DRAFTED By the Montreal Canadiens? Habs News 2022,RIharZyyfyk,2022-09-10
03_Reference/transcripts/20221111-1QIqrbjUlDE.txt,"03_Reference/transcripts/2022/Top 10 Minnesota Wild Prospects Rankings 2022 (Rossi, Ohgren, Yurov) [1QIqrbjUlDE].txt",2022,"Top 10 Minnesota Wild Prospects Rankings 2022 (Rossi, Ohgren, Yurov)",1QIqrbjUlDE,2022-11-11
03_Reference/transcripts/20230205-syeRYB_q4yQ.txt,03_Reference/transcripts/2023/I CAN'T BELIEVE What He Said About Bo Horvat [syeRYB_q4yQ].txt,2023,I CAN'T BELIEVE What He Said About Bo Horvat,syeRYB_q4yQ,2023-02-05
03_Reference/transcripts/20230207-HEoUhcY3cis.txt,03_Reference/transcripts/2023/This was SO EMBARRASSING [HEoUhcY3cis].txt,2023,This was SO EMBARRASSING..,HEoUhcY3cis,2023-02-07
03_Reference/transcripts/20230211-6-EYoJ4wK8U.txt,03_Reference/transcripts/2023/Kane Sends ANGRY Message to the Rangers (He's Pissed) [6-EYoJ4wK8U].txt,2023,Kane Sends ANGRY Message to the Rangers... (He's Pissed),6-EYoJ4wK8U,2023-02-11
03_Reference/transcripts/20230212-eOxwOKmrZM4.txt,03_Reference/transcripts/2023/This HAS to STOP From Crosby [eOxwOKmrZM4].txt,2023,This HAS to STOP From Crosby..,eOxwOKmrZM4,2023-02-12
03_Reference/transcripts/20230218-pc4dn6Ruwgc.txt,03_Reference/transcripts/2023/This is RUINING the NHL [pc4dn6Ruwgc].txt,2023,This is RUINING the NHL...,pc4dn6Ruwgc,2023-02-18
03_Reference/transcripts/20230220-WBRxWFmVBCk.txt,03_Reference/transcripts/2023/I Can't BELIEVE Tortorella Said This to the Media [WBRxWFmVBCk].txt,2023,I Can't BELIEVE Tortorella Said This to the Media...,WBRxWFmVBCk,2023-02-20
03_Reference/transcripts/20230220-fnl4j82o4Ak.txt,03_Reference/transcripts/2023/This is just TERRIBLE [fnl4j82o4Ak].txt,2023,This is just TERRIBLE...,fnl4j82o4Ak,2023-02-20
03_Reference/transcripts/20230224-bGaivm8wpzM.txt,03_Reference/transcripts/2023/ALL 32 NHL Locker Rooms Ranked From WORST to BEST (2023 Edition) [bGaivm8wpzM].txt,2023,ALL 32 NHL Locker Rooms Ranked From WORST to BEST (2023 Edition),bGaivm8wpzM,2023-02-24
03_Reference/transcripts/20230226-Mlwu4qWCN7Y.txt,03_Reference/transcripts/2023/First NHL Goalie Goal in 4 YEARS! [Mlwu4qWCN7Y].txt,2023,First NHL Goalie Goal in 4 YEARS!,Mlwu4qWCN7Y,2023-02-26
03_Reference/transcripts/20230226-OeIz_wya31Q.txt,03_Reference/transcripts/2023/The Habs Just Made An INSANE TRADE For This Player! [OeIz_wya31Q].txt,2023,The Habs Just Made An INSANE TRADE For This Player!,OeIz_wya31Q,2023-02-26
03_Reference/transcripts/20230304-PZd5rw2zFQg.txt,03_Reference/transcripts/2023/Jonathan Quick Trade Made Kopitar Cry [PZd5rw2zFQg].txt,2023,Jonathan Quick Trade Made Kopitar Cry..,PZd5rw2zFQg,2023-03-04
03_Reference/transcripts/20230409-42GF2iaHiVA.txt,03_Reference/transcripts/2023/BO HORVAT SAID WHAT ABOUT THE CANUCKS ! [42GF2iaHiVA].txt,2023,BO HORVAT SAID WHAT ABOUT THE CANUCKS?!?,42GF2iaHiVA,2023-04-09
03_Reference/transcripts/20230428-dCDjyRSylhY.txt,03_Reference/transcripts/2023/There's NO WAY This is Happening [dCDjyRSylhY].txt,2023,There's NO WAY This is Happening....,dCDjyRSylhY,2023-04-28
03_Reference/transcripts/20230430-C1le8dcSPYg.txt,03_Reference/transcripts/2023/I CAN'T BELIEVE THIS [C1le8dcSPYg].txt,2023,I CAN'T BELIEVE THIS,C1le8dcSPYg,2023-04-30
03_Reference/transcripts/20230501-A2VwNYdblx4.txt,03_Reference/transcripts/2023/This is the BIGGEST UPSET in NHL HISTORY [A2VwNYdblx4].txt,2023,This is the BIGGEST UPSET in NHL HISTORY,A2VwNYdblx4,2023-05-01
03_Reference/transcripts/20230502-KKGaqunS3tU.txt,03_Reference/transcripts/2023/New York Rangers WHAT HAPPENED [KKGaqunS3tU].txt,2023,New York Rangers... WHAT HAPPENED??,KKGaqunS3tU,2023-05-02
03_Reference/transcripts/20230504-2LPnEJHerO8.txt,03_Reference/transcripts/2023/He Deserves an APOLOGY For This [2LPnEJHerO8].txt,2023,He Deserves an APOLOGY For This...,2LPnEJHerO8,2023-05-04
03_Reference/transcripts/20230505-dT1B_gMjTm0.txt,03_Reference/transcripts/2023/Leafs WHAT IS HAPPENING Right Now [dT1B_gMjTm0].txt,2023,Leafs... WHAT IS HAPPENING Right Now??,dT1B_gMjTm0,2023-05-05
03_Reference/transcripts/20230506-nhPpy1R0Ank.txt,03_Reference/transcripts/2023/New Jersey Devils WHAT IS HAPPENING right now [nhPpy1R0Ank].txt,2023,New Jersey Devils... WHAT IS HAPPENING right now??,nhPpy1R0Ank,2023-05-06
03_Reference/transcripts/20230507-PQoKaVWOhks.txt,03_Reference/transcripts/2023/Evander Kane is an absolute MENACE for this [PQoKaVWOhks].txt,2023,Evander Kane is an absolute MENACE for this...,PQoKaVWOhks,2023-05-07
03_Reference/transcripts/20230509-wqsUIPbpE0I.txt,03_Reference/transcripts/2023/PROOF The NHL Draft Lottery WAS RIGGED! [wqsUIPbpE0I].txt,2023,PROOF The NHL Draft Lottery WAS RIGGED!,wqsUIPbpE0I,2023-05-09
03_Reference/transcripts/20230510-03JhYIqfBgI.txt,03_Reference/transcripts/2023/What the HELL are the New Jersey Devils Doing [03JhYIqfBgI].txt,2023,What the HELL are the New Jersey Devils Doing???,03JhYIqfBgI,2023-05-10
03_Reference/transcripts/20230510-kScjg9EafzU.txt,03_Reference/transcripts/2023/WHY ON EARTH Did Mitch Marner Say This [kScjg9EafzU].txt,2023,WHY ON EARTH Did Mitch Marner Say This???,kScjg9EafzU,2023-05-10
03_Reference/transcripts/20230511-3ZRu1Fa2G4g.txt,03_Reference/transcripts/2023/No one saw Mitch Marner do this [3ZRu1Fa2G4g].txt,2023,No one saw Mitch Marner do this...,3ZRu1Fa2G4g,2023-05-11
03_Reference/transcripts/20230511-A68G2j8p3oo.txt,03_Reference/transcripts/2023/The Ending of this game was INSANE (McDavid Fight) [A68G2j8p3oo].txt,2023,The Ending of this game was INSANE (McDavid Fight),A68G2j8p3oo,2023-05-11
03_Reference/transcripts/20230512-u5qqI0uIGqs.txt,03_Reference/transcripts/2023/New Jersey Devils WHAT HAPPENED [u5qqI0uIGqs].txt,2023,New Jersey Devils... WHAT HAPPENED???,u5qqI0uIGqs,2023-05-12
03_Reference/transcripts/20230513-7U3sSnEN7Jk.txt,03_Reference/transcripts/2023/Toronto Maple Leafs WHAT HAPPENED [7U3sSnEN7Jk].txt,2023,Toronto Maple Leafs... WHAT HAPPENED??,7U3sSnEN7Jk,2023-05-13
03_Reference/transcripts/20230513-Kl33zPWVUYA.txt,03_Reference/transcripts/2023/This was a TERRIBLE call from the Refs [Kl33zPWVUYA].txt,2023,This was a TERRIBLE call from the Refs,Kl33zPWVUYA,2023-05-13
03_Reference/transcripts/20230513-qQFKvEzwaIU.txt,03_Reference/transcripts/2023/Mitch Marner wants to keep the core together… [qQFKvEzwaIU].txt,2023,Mitch Marner wants to keep the core together….,qQFKvEzwaIU,2023-05-13
03_Reference/transcripts/20230513-vvrzkZPX7RE.txt,03_Reference/transcripts/2023/Connor McDavid is simply on ANOTHER LEVEL [vvrzkZPX7RE].txt,2023,Connor McDavid is simply on ANOTHER LEVEL,vvrzkZPX7RE,2023-05-13
03_Reference/transcripts/20230515-S9R0k91BqTE.txt,03_Reference/transcripts/2023/Leon Draisaitl is a MENACE for this… [S9R0k91BqTE].txt,2023,Leon Draisaitl is a MENACE for this…,S9R0k91BqTE,2023-05-15
03_Reference/transcripts/20230515-SExs8KNA2KM.txt,03_Reference/transcripts/2023/Edmonton Oilers WHAT HAPPENED [SExs8KNA2KM].txt,2023,Edmonton Oilers... WHAT HAPPENED??,SExs8KNA2KM,2023-05-15
03_Reference/transcripts/20230515-f0ugWT3U8H8.txt,03_Reference/transcripts/2023/Leafs fans will NOT like this news [f0ugWT3U8H8].txt,2023,Leafs fans will NOT like this news...,f0ugWT3U8H8,2023-05-15
03_Reference/transcripts/20230516-avAvRr1PM8g.txt,03_Reference/transcripts/2023/THIS is what Leafs fans want to hear [avAvRr1PM8g].txt,2023,THIS is what Leafs fans want to hear...,avAvRr1PM8g,2023-05-16
03_Reference/transcripts/20230517-E5O6ePbsxks.txt,03_Reference/transcripts/2023/It’s OVER for the Arizona Coyotes… [E5O6ePbsxks].txt,2023,It’s OVER for the Arizona Coyotes…,E5O6ePbsxks,2023-05-17
03_Reference/transcripts/20230517-ZT-N2cd5atE.txt,03_Reference/transcripts/2023/Nylander BETTER be telling the truth here [ZT-N2cd5atE].txt,2023,Nylander BETTER be telling the truth here...,ZT-N2cd5atE,2023-05-17
03_Reference/transcripts/20230518-ui3ftPcZuF8.txt,03_Reference/transcripts/2023/We've NEVER seen McDavid BREAK DOWN like this [ui3ftPcZuF8].txt,2023,We've NEVER seen McDavid BREAK DOWN like this...,ui3ftPcZuF8,2023-05-18
03_Reference/transcripts/20230519-_xU_jgx4SC8.txt,03_Reference/transcripts/2023/How will leafs fans react to this HUGE news [_xU_jgx4SC8].txt,2023,How will leafs fans react to this HUGE news...,_xU_jgx4SC8,2023-05-19
03_Reference/transcripts/20230519-ddzn_YrJncQ.txt,03_Reference/transcripts/2023/NOBODY saw Tkachuk do this in QUADRUPLE overtime [ddzn_YrJncQ].txt,2023,NOBODY saw Tkachuk do this in QUADRUPLE overtime...,ddzn_YrJncQ,2023-05-19
03_Reference/transcripts/20230520-mYBDMVVUQDA.txt,03_Reference/transcripts/2023/The leafs are in trouble… [mYBDMVVUQDA].txt,2023,The leafs are in trouble….,mYBDMVVUQDA,2023-05-20
03_Reference/transcripts/20230521-txSvry5nMUQ.txt,03_Reference/transcripts/2023/This here was ICONIC from Matthew Tkachuk [txSvry5nMUQ].txt,2023,This here was ICONIC from Matthew Tkachuk...,txSvry5nMUQ,2023-05-21
03_Reference/transcripts/20230522-5aV0YB0AiRw.txt,03_Reference/transcripts/2023/Gretzky calls this the BEST GOAL he's seen in the playoffs [5aV0YB0AiRw].txt,2023,Gretzky calls this the BEST GOAL he's seen in the playoffs...,5aV0YB0AiRw,2023-05-22
03_Reference/transcripts/20230522-R2feKFkO1Co.txt,03_Reference/transcripts/2023/What do leafs fans think about THIS [R2feKFkO1Co].txt,2023,What do leafs fans think about THIS...,R2feKFkO1Co,2023-05-22
03_Reference/transcripts/20230523-0RD2aT0t58k.txt,03_Reference/transcripts/2023/This is the WORST Missed Call I have EVER SEEN [0RD2aT0t58k].txt,2023,This is the WORST Missed Call I have EVER SEEN...,0RD2aT0t58k,2023-05-23
03_Reference/transcripts/20230523-2CIr-PgEdx8.txt,03_Reference/transcripts/2023/You will not BELIEVE his stats in the playoffs [2CIr-PgEdx8].txt,2023,You will not BELIEVE his stats in the playoffs...,2CIr-PgEdx8,2023-05-23
03_Reference/transcripts/20230523-IapSHS5ey9A.txt,03_Reference/transcripts/2023/This interview was just HILARIOUS [IapSHS5ey9A].txt,2023,This interview was just HILARIOUS...,IapSHS5ey9A,2023-05-23
03_Reference/transcripts/20230524-CBVrR-HKNTs.txt,03_Reference/transcripts/2023/I'm Gonna LOSE MY MIND if This Tkachuk Story is Real [CBVrR-HKNTs].txt,2023,I'm Gonna LOSE MY MIND if This Tkachuk Story is Real...,CBVrR-HKNTs,2023-05-24
03_Reference/transcripts/20230524-ErMVFPLWBxI.txt,03_Reference/transcripts/2023/I’ve never seen DISRESPECT like this before… [ErMVFPLWBxI].txt,2023,I’ve never seen DISRESPECT like this before…,ErMVFPLWBxI,2023-05-24
03_Reference/transcripts/20230525-6HZUxnemxi4.txt,03_Reference/transcripts/2023/He's such a LEGEND for this interview [6HZUxnemxi4].txt,2023,He's such a LEGEND for this interview...,6HZUxnemxi4,2023-05-25
03_Reference/transcripts/20230525-Y5KNg9yb6WQ.txt,03_Reference/transcripts/2023/Matthew Tkachuk is an Absolute BEAST for this… [Y5KNg9yb6WQ].txt,2023,Matthew Tkachuk is an Absolute BEAST for this…,Y5KNg9yb6WQ,2023-05-25
03_Reference/transcripts/20230525-cmEri94giI0.txt,03_Reference/transcripts/2023/Matthew Tkachuk was SO CLEVER for this [cmEri94giI0].txt,2023,Matthew Tkachuk was SO CLEVER for this...,cmEri94giI0,2023-05-25
03_Reference/transcripts/20230526-fzeI-lgyDe8.txt,03_Reference/transcripts/2023/Leafs fans will NOT like hearing this news [fzeI-lgyDe8].txt,2023,Leafs fans will NOT like hearing this news...,fzeI-lgyDe8,2023-05-26
03_Reference/transcripts/20230527-em42_jmGtT8.txt,03_Reference/transcripts/2023/How has NOBODY been talking about THIS… [em42_jmGtT8].txt,2023,How has NOBODY been talking about THIS….,em42_jmGtT8,2023-05-27
03_Reference/transcripts/20230528-v_L5Il4mit8.txt,03_Reference/transcripts/2023/Nobody Expected THIS To Happen… [v_L5Il4mit8].txt,2023,Nobody Expected THIS To Happen…,v_L5Il4mit8,2023-05-28
03_Reference/transcripts/20230528-w9yI1-RYnR8.txt,03_Reference/transcripts/2023/No one expected him to do THIS… [w9yI1-RYnR8].txt,2023,No one expected him to do THIS…,w9yI1-RYnR8,2023-05-28
03_Reference/transcripts/20230529-DOPAobFuV_Q.txt,03_Reference/transcripts/2023/This could be BAD for the Panthers [DOPAobFuV_Q].txt,2023,This could be BAD for the Panthers...,DOPAobFuV_Q,2023-05-29
03_Reference/transcripts/20230530-CBn6ErLnaOM.txt,03_Reference/transcripts/2023/This was such a DISGRACEFUL response [CBn6ErLnaOM].txt,2023,This was such a DISGRACEFUL response...,CBn6ErLnaOM,2023-05-30
03_Reference/transcripts/20230530-onwsqsXGcNk.txt,03_Reference/transcripts/2023/Tyler Myers is an absolute LEGEND for saying this [onwsqsXGcNk].txt,2023,Tyler Myers is an absolute LEGEND for saying this...,onwsqsXGcNk,2023-05-30
03_Reference/transcripts/20230531-Ii_xE-ejAe8.txt,03_Reference/transcripts/2023/Leafs fans should be VERY happy to hear this [Ii_xE-ejAe8].txt,2023,Leafs fans should be VERY happy to hear this...,Ii_xE-ejAe8,2023-05-31
03_Reference/transcripts/20230601-JNQpEqWJnbg.txt,03_Reference/transcripts/2023/No one would've expected Tkachuk to say THIS [JNQpEqWJnbg].txt,2023,No one would've expected Tkachuk to say THIS...,JNQpEqWJnbg,2023-06-01
03_Reference/transcripts/20230602-KHXsKZyL0ZU.txt,03_Reference/transcripts/2023/Kyle Dubas completely LIED about this [KHXsKZyL0ZU].txt,2023,Kyle Dubas completely LIED about this...,KHXsKZyL0ZU,2023-06-02
03_Reference/transcripts/20230603-e9CYZCrrH-8.txt,03_Reference/transcripts/2023/Leafs fans NEED to hear this before judging him [e9CYZCrrH-8].txt,2023,Leafs fans NEED to hear this before judging him...,e9CYZCrrH-8,2023-06-03
03_Reference/transcripts/20230604-7zTuiI0FBHQ.txt,03_Reference/transcripts/2023/Matthew Tkachuk is such a MENACE for this [7zTuiI0FBHQ].txt,2023,Matthew Tkachuk is such a MENACE for this...,7zTuiI0FBHQ,2023-06-04
03_Reference/transcripts/20230605-Saygv2ya590.txt,03_Reference/transcripts/2023/This was the PERFECT response to this question [Saygv2ya590].txt,2023,This was the PERFECT response to this question...,Saygv2ya590,2023-06-05
03_Reference/transcripts/20230606-h8mZdNYxfHk.txt,03_Reference/transcripts/2023/Bedard's joke even made GRETZKY laugh [h8mZdNYxfHk].txt,2023,Bedard's joke even made GRETZKY laugh...,h8mZdNYxfHk,2023-06-06
03_Reference/transcripts/20230607-uerVMhcD06Q.txt,03_Reference/transcripts/2023/Nobody appreciated this EXACT moment [uerVMhcD06Q].txt,2023,Nobody appreciated this EXACT moment...,uerVMhcD06Q,2023-06-07
03_Reference/transcripts/20230608-OwG4ATBWTzA.txt,03_Reference/transcripts/2023/This was just RIDICULOUSLY Stupid [OwG4ATBWTzA].txt,2023,This was just RIDICULOUSLY Stupid...,OwG4ATBWTzA,2023-06-08
03_Reference/transcripts/20230608-fP1MUylvUw4.txt,03_Reference/transcripts/2023/Leafs fans WILL like this news [fP1MUylvUw4].txt,2023,Leafs fans WILL like this news...,fP1MUylvUw4,2023-06-08
03_Reference/transcripts/20230609-pl18MUpyQ8U.txt,03_Reference/transcripts/2023/Nobody saw what Tkachuk did RIGHT here [pl18MUpyQ8U].txt,2023,Nobody saw what Tkachuk did RIGHT here...,pl18MUpyQ8U,2023-06-09
03_Reference/transcripts/20230611-fd3r6Clpx3c.txt,03_Reference/transcripts/2023/This was just CRAZY to see [fd3r6Clpx3c].txt,2023,This was just CRAZY to see....,fd3r6Clpx3c,2023-06-11
03_Reference/transcripts/20230614-c-4lvUYEBuw.txt,03_Reference/transcripts/2023/Kessel is an absolute LEGEND for this interview [c-4lvUYEBuw].txt,2023,Kessel is an absolute LEGEND for this interview...,c-4lvUYEBuw,2023-06-14
03_Reference/transcripts/20230614-rGxuXcpjd_k.txt,03_Reference/transcripts/2023/This feel-good story WILL make your day [rGxuXcpjd_k].txt,2023,This feel-good story WILL make your day...,rGxuXcpjd_k,2023-06-14
03_Reference/transcripts/20230615-Yt3IbwW5WSc.txt,03_Reference/transcripts/2023/This was so SHOCKING to hear [Yt3IbwW5WSc].txt,2023,This was so SHOCKING to hear...,Yt3IbwW5WSc,2023-06-15
03_Reference/transcripts/20230616-JXmtfJrYT5o.txt,03_Reference/transcripts/2023/leafs fans WONT want to hear this [JXmtfJrYT5o].txt,2023,leafs fans WONT want to hear this...,JXmtfJrYT5o,2023-06-16
03_Reference/transcripts/20230617-_7ogui-eI7s.txt,03_Reference/transcripts/2023/This interview was SO emotional [_7ogui-eI7s].txt,2023,This interview was SO emotional...,_7ogui-eI7s,2023-06-17
03_Reference/transcripts/20230618-wlBvjc2t-RI.txt,03_Reference/transcripts/2023/Karlsson is a complete LEGEND for this hilarious speech… [wlBvjc2t-RI].txt,2023,Karlsson is a complete LEGEND for this hilarious speech…,wlBvjc2t-RI,2023-06-18
03_Reference/transcripts/20230624-Z0FjfioqwxY.txt,03_Reference/transcripts/2023/Habs fans will be VERY happy about this… [Z0FjfioqwxY].txt,2023,Habs fans will be VERY happy about this…,Z0FjfioqwxY,2023-06-24
03_Reference/transcripts/20230627--aECpjkshBg.txt,03_Reference/transcripts/2023/Now THIS is what Habs fans want to hear [-aECpjkshBg].txt,2023,Now THIS is what Habs fans want to hear...,-aECpjkshBg,2023-06-27
03_Reference/transcripts/20230628-ZGqI6vdXRZU.txt,03_Reference/transcripts/2023/I can’t believe Crosby said THIS about Connor Bedard [ZGqI6vdXRZU].txt,2023,I can’t believe Crosby said THIS about Connor Bedard...,ZGqI6vdXRZU,2023-06-28
03_Reference/transcripts/20230702-2l8Hn8AgArM.txt,03_Reference/transcripts/2023/I don’t know how to feel about this [2l8Hn8AgArM].txt,2023,I don’t know how to feel about this...,2l8Hn8AgArM,2023-07-02
03_Reference/transcripts/20230709-fghytZSPexk.txt,03_Reference/transcripts/2023/I still can't believe Max Domi CHIRPED the Leafs like this [fghytZSPexk].txt,2023,I still can't believe Max Domi CHIRPED the Leafs like this...,fghytZSPexk,2023-07-09
03_Reference/transcripts/20230824-iWRZ56OkcOQ.txt,03_Reference/transcripts/2023/Auston Matthews’ Extension will be a mistake… [iWRZ56OkcOQ].txt,2023,Auston Matthews’ Extension will be a mistake…,iWRZ56OkcOQ,2023-08-24
03_Reference/transcripts/20231013--3UJaCqyiz0.txt,03_Reference/transcripts/2023/This was absolutely CRAZY to watch [-3UJaCqyiz0].txt,2023,This was absolutely CRAZY to watch...,-3UJaCqyiz0,2023-10-13
03_Reference/transcripts/20231022-SNCZ_S_w6Gw.txt,03_Reference/transcripts/2023/I CAN'T BELIEVE Evander Kane just said this [SNCZ_S_w6Gw].txt,2023,I CAN'T BELIEVE Evander Kane just said this...,SNCZ_S_w6Gw,2023-10-22
03_Reference/transcripts/20231023-zKyAKhZellc.txt,03_Reference/transcripts/2023/Nobody noticed when Connor Bedard did THIS [zKyAKhZellc].txt,2023,Nobody noticed when Connor Bedard did THIS...,zKyAKhZellc,2023-10-23
03_Reference/transcripts/20231025-C-majGuMzy0.txt,03_Reference/transcripts/2023/Connor Bedard CANNOT let this happen again [C-majGuMzy0].txt,2023,Connor Bedard CANNOT let this happen again...,C-majGuMzy0,2023-10-25
03_Reference/transcripts/20231031-8xGwDrALEbU.txt,03_Reference/transcripts/2023/I have NEVER seen this happen in an interview [8xGwDrALEbU].txt,2023,I have NEVER seen this happen in an interview...,8xGwDrALEbU,2023-10-31
03_Reference/transcripts/20231105-TACU1umeKAU.txt,03_Reference/transcripts/2023/Oilers fans will NOT be happy to hear this [TACU1umeKAU].txt,2023,Oilers fans will NOT be happy to hear this...,TACU1umeKAU,2023-11-05
03_Reference/transcripts/20231107-4bD7g7I2gSg.txt,03_Reference/transcripts/2023/McDavid is so CLASSLESS for this [4bD7g7I2gSg].txt,2023,McDavid is so CLASSLESS for this...,4bD7g7I2gSg,2023-11-07
03_Reference/transcripts/20231110-MlnRKhr793c.txt,03_Reference/transcripts/2023/Connor Bedard fans are going CRAZY over This [MlnRKhr793c].txt,2023,Connor Bedard fans are going CRAZY over This...,MlnRKhr793c,2023-11-10
03_Reference/transcripts/20231110-nDLBWEE1kMs.txt,03_Reference/transcripts/2023/Leon Draisaitl is a LEGEND for this response [nDLBWEE1kMs].txt,2023,Leon Draisaitl is a LEGEND for this response...,nDLBWEE1kMs,2023-11-10
03_Reference/transcripts/20231112-0m4yLMncQ9Q.txt,03_Reference/transcripts/2023/Nobody saw what Tkachuk did to Connor Bedard RIGHT here [0m4yLMncQ9Q].txt,2023,Nobody saw what Tkachuk did to Connor Bedard RIGHT here...,0m4yLMncQ9Q,2023-11-12
03_Reference/transcripts/20231112-Lz_JKqxtzq8.txt,03_Reference/transcripts/2023/This is just PAINFUL for leafs fans to hear [Lz_JKqxtzq8].txt,2023,This is just PAINFUL for leafs fans to hear...,Lz_JKqxtzq8,2023-11-12
03_Reference/transcripts/20231113-xku0LmX3OFo.txt,03_Reference/transcripts/2023/This is tough for Oilers fans to watch… [xku0LmX3OFo].txt,2023,This is tough for Oilers fans to watch…,xku0LmX3OFo,2023-11-13
03_Reference/transcripts/20231115-Pc9rovXZMLA.txt,03_Reference/transcripts/2023/This is why Connor Bedard is so good… [Pc9rovXZMLA].txt,2023,This is why Connor Bedard is so good…,Pc9rovXZMLA,2023-11-15
03_Reference/transcripts/20231115-qO_HYfR0cz8.txt,03_Reference/transcripts/2023/Patrick Kane is close to signing with the Toronto Maple Leafs [qO_HYfR0cz8].txt,2023,Patrick Kane is close to signing with the Toronto Maple Leafs??,qO_HYfR0cz8,2023-11-15
03_Reference/transcripts/20231118-jJO8ohe6UHs.txt,03_Reference/transcripts/2023/This HURTS for leafs fans to hear [jJO8ohe6UHs].txt,2023,This HURTS for leafs fans to hear...,jJO8ohe6UHs,2023-11-18
03_Reference/transcripts/20231120-zoVqlSCgj3Y.txt,03_Reference/transcripts/2023/This is gonna HURT Connor Bedard [zoVqlSCgj3Y].txt,2023,This is gonna HURT Connor Bedard...,zoVqlSCgj3Y,2023-11-20
03_Reference/transcripts/20231121-4dbY3fQeYtc.txt,03_Reference/transcripts/2023/Nobody saw Matthew Tkachuk do this RIGHT here… [4dbY3fQeYtc].txt,2023,Nobody saw Matthew Tkachuk do this RIGHT here…,4dbY3fQeYtc,2023-11-21
03_Reference/transcripts/20231124-pl-wAPEBHv0.txt,03_Reference/transcripts/2023/leafs fans will be VERY happy to hear this [pl-wAPEBHv0].txt,2023,leafs fans will be VERY happy to hear this...,pl-wAPEBHv0,2023-11-24
03_Reference/transcripts/20231125-I2_yIZvZVAU.txt,03_Reference/transcripts/2023/Connor Bedard was absolutely PISSED about this right here [I2_yIZvZVAU].txt,2023,Connor Bedard was absolutely PISSED about this right here...,I2_yIZvZVAU,2023-11-25
03_Reference/transcripts/20231128-ArYPheC2ZNU.txt,03_Reference/transcripts/2023/Matthew Tkachuk couldn't BELIEVE what his brother did here… [ArYPheC2ZNU].txt,2023,Matthew Tkachuk couldn't BELIEVE what his brother did here…,ArYPheC2ZNU,2023-11-28
03_Reference/transcripts/20231130-64wW8ulQWeg.txt,03_Reference/transcripts/2023/He's a complete LEGEND for this interview [64wW8ulQWeg].txt,2023,He's a complete LEGEND for this interview...,64wW8ulQWeg,2023-11-30
03_Reference/transcripts/20231130-8_dsSPgNK6s.txt,03_Reference/transcripts/2023/Corey Perry REVEALS the truth in recent statement [8_dsSPgNK6s].txt,2023,Corey Perry REVEALS the truth in recent statement...,8_dsSPgNK6s,2023-11-30
03_Reference/transcripts/20231203-vt0LPNAoi0I.txt,03_Reference/transcripts/2023/Leafs fans are FURIOUS at Nylander because of this… [vt0LPNAoi0I].txt,2023,Leafs fans are FURIOUS at Nylander because of this…,vt0LPNAoi0I,2023-12-03
03_Reference/transcripts/20231206-a1D-8zhrWdo.txt,03_Reference/transcripts/2023/This Hot Mic moment was TOO Funny!! [a1D-8zhrWdo].txt,2023,This Hot Mic moment was TOO Funny!!,a1D-8zhrWdo,2023-12-06
03_Reference/transcripts/20231210-kxQwu_INlsQ.txt,03_Reference/transcripts/2023/This moment was just RIDICULOUSLY stupid [kxQwu_INlsQ].txt,2023,This moment was just RIDICULOUSLY stupid...,kxQwu_INlsQ,2023-12-10
03_Reference/transcripts/20231211-Sz_aVFp_Ka8.txt,03_Reference/transcripts/2023/You NEED to hear what Ovechkin said about Connor Bedard here [Sz_aVFp_Ka8].txt,2023,You NEED to hear what Ovechkin said about Connor Bedard here...,Sz_aVFp_Ka8,2023-12-11
03_Reference/transcripts/20231212-24hkEUbaoWA.txt,03_Reference/transcripts/2023/McDavid is absolutely FED UP with Connor Bedard talk… [24hkEUbaoWA].txt,2023,McDavid is absolutely FED UP with Connor Bedard talk…,24hkEUbaoWA,2023-12-12
03_Reference/transcripts/20231216-Rl6kb_tssWY.txt,03_Reference/transcripts/2023/I've NEVER seen an NHL player get away with this before [Rl6kb_tssWY].txt,2023,I've NEVER seen an NHL player get away with this before....,Rl6kb_tssWY,2023-12-16
03_Reference/transcripts/20231218-lm5f6GHP1to.txt,03_Reference/transcripts/2023/Connor Bedard got so MAD at what Pettersson did to him [lm5f6GHP1to].txt,2023,Connor Bedard got so MAD at what Pettersson did to him...,lm5f6GHP1to,2023-12-18
03_Reference/transcripts/20231222-JOveDdzgQX8.txt,03_Reference/transcripts/2023/the Vancouver Canucks are the best team in the NHL [JOveDdzgQX8].txt,2023,the Vancouver Canucks are the best team in the NHL,JOveDdzgQX8,2023-12-22
03_Reference/transcripts/20231222-gnmpF_4-XGQ.txt,03_Reference/transcripts/2023/Tom Wilson is such a MENACE for this (All Hell Breaks Loose) [gnmpF_4-XGQ].txt,2023,Tom Wilson is such a MENACE for this (All Hell Breaks Loose)...,gnmpF_4-XGQ,2023-12-22
03_Reference/transcripts/20231223-kFWnTn3Zrew.txt,03_Reference/transcripts/2023/Mitch Marner should not have said this [kFWnTn3Zrew].txt,2023,Mitch Marner should not have said this...,kFWnTn3Zrew,2023-12-23
03_Reference/transcripts/20231224-76u2LwcvaAU.txt,03_Reference/transcripts/2023/No ones talking about what Zegras said about Connor Bedard [76u2LwcvaAU].txt,2023,No ones talking about what Zegras said about Connor Bedard...,76u2LwcvaAU,2023-12-24
03_Reference/transcripts/20231224-nTXew-Q9jDY.txt,03_Reference/transcripts/2023/NOBODY expected THIS to happen… [nTXew-Q9jDY].txt,2023,NOBODY expected THIS to happen…,nTXew-Q9jDY,2023-12-24
03_Reference/transcripts/20231224-nWZJvI_rzdM.txt,03_Reference/transcripts/2023/Connor Bedard just SHOCKED THE WORLD with a LACROSSE GOAL [nWZJvI_rzdM].txt,2023,Connor Bedard just SHOCKED THE WORLD with a LACROSSE GOAL,nWZJvI_rzdM,2023-12-24
03_Reference/transcripts/20231227-5RcYxu_8d9s.txt,03_Reference/transcripts/2023/This ref waited his whole life to say this - Canada v Finland WJC 2024 [5RcYxu_8d9s].txt,2023,This ref waited his whole life to say this - Canada v Finland WJC 2024,5RcYxu_8d9s,2023-12-27
03_Reference/transcripts/20231227-ud8nX5DvRbI.txt,03_Reference/transcripts/2023/The Canucks have an absolute GEM on their hands 2024 WJC [ud8nX5DvRbI].txt,2023,The Canucks have an absolute GEM on their hands | 2024 WJC,ud8nX5DvRbI,2023-12-27
03_Reference/transcripts/20231228-kfaLMO9cdcM.txt,03_Reference/transcripts/2023/Nobody realized how much Bedard appreciated this [kfaLMO9cdcM].txt,2023,Nobody realized how much Bedard appreciated this...,kfaLMO9cdcM,2023-12-28
03_Reference/transcripts/20231229-xwIsghFh3Ek.txt,03_Reference/transcripts/2023/This game was CRAZY Canada vs Sweden WJC 2024 Highlights [xwIsghFh3Ek].txt,2023,This game was CRAZY | Canada vs Sweden WJC 2024 Highlights,xwIsghFh3Ek,2023-12-29
03_Reference/transcripts/20231231-gt-82Z4VjNU.txt,03_Reference/transcripts/2023/The Canucks have found themselves a GOLD MINE WJC 2024 [gt-82Z4VjNU].txt,2023,The Canucks have found themselves a GOLD MINE | WJC 2024,gt-82Z4VjNU,2023-12-31
03_Reference/transcripts/20240102-tIZzTNjUrDM.txt,03_Reference/transcripts/2024/This right here is driving people INSANE WJC 2024 [tIZzTNjUrDM].txt,2024,This right here is driving people INSANE | WJC 2024,tIZzTNjUrDM,2024-01-02
03_Reference/transcripts/20240103-KtJWO_WkqG8.txt,03_Reference/transcripts/2024/This Canucks Prospect is TAKING OVER WJC 2024 [KtJWO_WkqG8].txt,2024,This Canucks Prospect is TAKING OVER | WJC 2024,KtJWO_WkqG8,2024-01-03
03_Reference/transcripts/20240104-zwnKwsW2vFA.txt,03_Reference/transcripts/2024/Why do the Canucks ALWAYS do this to us [zwnKwsW2vFA].txt,2024,Why do the Canucks ALWAYS do this to us?,zwnKwsW2vFA,2024-01-04
03_Reference/transcripts/20240105-C1x2je3Je78.txt,03_Reference/transcripts/2024/The Canucks really have the BEST PLAYER in the World Juniors [C1x2je3Je78].txt,2024,The Canucks really have the BEST PLAYER in the World Juniors...,C1x2je3Je78,2024-01-05
03_Reference/transcripts/20240105-qYU8ysVHSE8.txt,03_Reference/transcripts/2024/The Canucks make absolutely NO SENSE for this [qYU8ysVHSE8].txt,2024,The Canucks make absolutely NO SENSE for this...,qYU8ysVHSE8,2024-01-05
03_Reference/transcripts/20240106-taBmedA7y2Y.txt,03_Reference/transcripts/2024/The Canucks have a STAR in the making WJC 2024 Finals [taBmedA7y2Y].txt,2024,The Canucks have a STAR in the making | WJC 2024 Finals,taBmedA7y2Y,2024-01-06
03_Reference/transcripts/20240107-ljFcBM2RGac.txt,03_Reference/transcripts/2024/The Canucks should've done this ALL ALONG [ljFcBM2RGac].txt,2024,The Canucks should've done this ALL ALONG,ljFcBM2RGac,2024-01-07
03_Reference/transcripts/20240109-iQBn08ZJSpU.txt,03_Reference/transcripts/2024/The Canucks just MANHANDLED the Rangers… [iQBn08ZJSpU].txt,2024,The Canucks just MANHANDLED the Rangers…,iQBn08ZJSpU,2024-01-09
03_Reference/transcripts/20240110-Cgq1s1e5yB8.txt,03_Reference/transcripts/2024/The Canucks are SO SMART for doing this [Cgq1s1e5yB8].txt,2024,The Canucks are SO SMART for doing this...,Cgq1s1e5yB8,2024-01-10
03_Reference/transcripts/20240110-ag0rV-p9bR0.txt,03_Reference/transcripts/2024/I have NO WORDS to describe this Canucks team [ag0rV-p9bR0].txt,2024,I have NO WORDS to describe this Canucks team...,ag0rV-p9bR0,2024-01-10
03_Reference/transcripts/20240112-ymKUstHzI1g.txt,03_Reference/transcripts/2024/The Canucks just won their WILDEST one yet! [ymKUstHzI1g].txt,2024,The Canucks just won their WILDEST one yet!,ymKUstHzI1g,2024-01-12
03_Reference/transcripts/20240113-8rK5G9oeaxQ.txt,03_Reference/transcripts/2024/This is extremely IMPRESSIVE from the Canucks [8rK5G9oeaxQ].txt,2024,This is extremely IMPRESSIVE from the Canucks,8rK5G9oeaxQ,2024-01-13
03_Reference/transcripts/20240114-uJk5Q7Ih4Vw.txt,03_Reference/transcripts/2024/This Canucks game got OUT of Control [uJk5Q7Ih4Vw].txt,2024,This Canucks game got OUT of Control...,uJk5Q7Ih4Vw,2024-01-14
03_Reference/transcripts/20240115-RYUDRPNY5ds.txt,03_Reference/transcripts/2024/The Canucks just ran OUT of gas [RYUDRPNY5ds].txt,2024,The Canucks just ran OUT of gas,RYUDRPNY5ds,2024-01-15
03_Reference/transcripts/20240117-dvbqNCOkP0U.txt,03_Reference/transcripts/2024/Canucks fans NEED to start thinking about this [dvbqNCOkP0U].txt,2024,Canucks fans NEED to start thinking about this...,dvbqNCOkP0U,2024-01-17
03_Reference/transcripts/20240118-YeUNTRef0Vc.txt,03_Reference/transcripts/2024/Are the Canucks making a MISTAKE here [YeUNTRef0Vc].txt,2024,Are the Canucks making a MISTAKE here??,YeUNTRef0Vc,2024-01-18
03_Reference/transcripts/20240119-p68ThTm8HGc.txt,03_Reference/transcripts/2024/The Canucks keep reaching NEW HEIGHTS [p68ThTm8HGc].txt,2024,The Canucks keep reaching NEW HEIGHTS,p68ThTm8HGc,2024-01-19
03_Reference/transcripts/20240120-nuI8GMP7E-I.txt,03_Reference/transcripts/2024/Canucks fans should be VERY happy to hear this [nuI8GMP7E-I].txt,2024,Canucks fans should be VERY happy to hear this...,nuI8GMP7E-I,2024-01-20
03_Reference/transcripts/20240121-yOwmQ3LZOyo.txt,03_Reference/transcripts/2024/The Canucks just PROVED they're Canada's best team! [yOwmQ3LZOyo].txt,2024,The Canucks just PROVED they're Canada's best team!,yOwmQ3LZOyo,2024-01-21
03_Reference/transcripts/20240123-NJBCPCFVm3I.txt,03_Reference/transcripts/2024/The Vancouver Canucks CANNOT be stopped now [NJBCPCFVm3I].txt,2024,The Vancouver Canucks CANNOT be stopped now....,NJBCPCFVm3I,2024-01-23
03_Reference/transcripts/20240124-LuislY9Q3v8.txt,03_Reference/transcripts/2024/This is such a SMART move from the Canucks [LuislY9Q3v8].txt,2024,This is such a SMART move from the Canucks...,LuislY9Q3v8,2024-01-24
03_Reference/transcripts/20240125-_waAZmsPpJc.txt,03_Reference/transcripts/2024/I could not BELIEVE how this Canucks game ended [_waAZmsPpJc].txt,2024,I could not BELIEVE how this Canucks game ended...,_waAZmsPpJc,2024-01-25
03_Reference/transcripts/20240126-kSCgdvNeZwE.txt,03_Reference/transcripts/2024/The Canucks do NOT deserve to go through this… [kSCgdvNeZwE].txt,2024,The Canucks do NOT deserve to go through this…,kSCgdvNeZwE,2024-01-26
03_Reference/transcripts/20240128-MYCntCK4Uqc.txt,03_Reference/transcripts/2024/This Canucks team just pulled THAT off [MYCntCK4Uqc].txt,2024,This Canucks team just pulled THAT off...,MYCntCK4Uqc,2024-01-28
03_Reference/transcripts/20240130-Qx1hKishvKI.txt,03_Reference/transcripts/2024/Should the Canucks be WORRIED about this [Qx1hKishvKI].txt,2024,Should the Canucks be WORRIED about this??,Qx1hKishvKI,2024-01-30
03_Reference/transcripts/20240201-rAdYdns5rfM.txt,03_Reference/transcripts/2024/The Canucks just SHOCKED the hockey world with this [rAdYdns5rfM].txt,2024,The Canucks just SHOCKED the hockey world with this....,rAdYdns5rfM,2024-02-01
03_Reference/transcripts/20240203-1UUrnjxfL6w.txt,03_Reference/transcripts/2024/The 2024 NHL All Star Skills Competition in a nutshell [1UUrnjxfL6w].txt,2024,The 2024 NHL All Star Skills Competition in a nutshell....,1UUrnjxfL6w,2024-02-03
03_Reference/transcripts/20240207-VLG7ZzUbrA0.txt,03_Reference/transcripts/2024/The Canucks are back and BETTER than ever before [VLG7ZzUbrA0].txt,2024,The Canucks are back and BETTER than ever before...,VLG7ZzUbrA0,2024-02-07
03_Reference/transcripts/20240209-87wH-iCqsDY.txt,03_Reference/transcripts/2024/This was painful to watch for Canucks fans… [87wH-iCqsDY].txt,2024,This was painful to watch for Canucks fans…,87wH-iCqsDY,2024-02-09
03_Reference/transcripts/20240210-QYG-BiBykyw.txt,03_Reference/transcripts/2024/I was left STUNNED by this Canucks game [QYG-BiBykyw].txt,2024,I was left STUNNED by this Canucks game...,QYG-BiBykyw,2024-02-10
03_Reference/transcripts/20240211--1pmNkx_kMM.txt,03_Reference/transcripts/2024/The Canucks STEAL a wild one against the Caps! [-1pmNkx_kMM].txt,2024,The Canucks STEAL a wild one against the Caps!,-1pmNkx_kMM,2024-02-11
03_Reference/transcripts/20240214-3pEiWZkQ-oU.txt,03_Reference/transcripts/2024/The Canucks made this look TOO EASY here [3pEiWZkQ-oU].txt,2024,The Canucks made this look TOO EASY here...,3pEiWZkQ-oU,2024-02-14
03_Reference/transcripts/20240216-NbWbjKvjOq4.txt,03_Reference/transcripts/2024/The Canucks just got PERFECT revenge on the Red Wings [NbWbjKvjOq4].txt,2024,The Canucks just got PERFECT revenge on the Red Wings...,NbWbjKvjOq4,2024-02-16
03_Reference/transcripts/20240218-7onuNMG3fdk.txt,03_Reference/transcripts/2024/The Canucks must get better at THIS if they want the Stanley Cup… [7onuNMG3fdk].txt,2024,The Canucks must get better at THIS if they want the Stanley Cup…,7onuNMG3fdk,2024-02-18
03_Reference/transcripts/20240220-LRR1ufB4paU.txt,03_Reference/transcripts/2024/I am at a LOSS for words after this Canucks game [LRR1ufB4paU].txt,2024,I am at a LOSS for words after this Canucks game...,LRR1ufB4paU,2024-02-20
03_Reference/transcripts/20240221-cMMovt-7hGY.txt,03_Reference/transcripts/2024/The Canucks haven’t done this ALL SEASON… [cMMovt-7hGY].txt,2024,The Canucks haven’t done this ALL SEASON….,cMMovt-7hGY,2024-02-21
03_Reference/transcripts/20240223--mbKx7WLIWE.txt,03_Reference/transcripts/2024/Rick Tocchet is not happy at all with the Canucks… [-mbKx7WLIWE].txt,2024,Rick Tocchet is not happy at all with the Canucks…,-mbKx7WLIWE,2024-02-23
03_Reference/transcripts/20240224-JidD5nR8nQ8.txt,03_Reference/transcripts/2024/The Leafs just made a STATEMENT against the Golden Knights [JidD5nR8nQ8].txt,2024,The Leafs just made a STATEMENT against the Golden Knights....,JidD5nR8nQ8,2024-02-24
03_Reference/transcripts/20240225-1tTH0fmhE28.txt,03_Reference/transcripts/2024/This Canucks team just left me completely MIND BLOWN… [1tTH0fmhE28].txt,2024,This Canucks team just left me completely MIND BLOWN…,1tTH0fmhE28,2024-02-25
03_Reference/transcripts/20240228-_w5Dx-GmphM.txt,03_Reference/transcripts/2024/I cannot BELIEVE how this Canucks game finished [_w5Dx-GmphM].txt,2024,I cannot BELIEVE how this Canucks game finished...,_w5Dx-GmphM,2024-02-28
03_Reference/transcripts/20240301-CGvZcwpM4Wc.txt,03_Reference/transcripts/2024/This Canucks game got OUT of hand [CGvZcwpM4Wc].txt,2024,This Canucks game got OUT of hand...,CGvZcwpM4Wc,2024-03-01
03_Reference/transcripts/20240303-mD3oiZmFlJM.txt,03_Reference/transcripts/2024/THIS is what happens when you're the NHL's BIGGEST Target [mD3oiZmFlJM].txt,2024,THIS is what happens when you're the NHL's BIGGEST Target...,mD3oiZmFlJM,2024-03-03
03_Reference/transcripts/20240304-CT2UwAvpAxk.txt,03_Reference/transcripts/2024/The Canucks have themselves a SECRET WEAPON on their hands [CT2UwAvpAxk].txt,2024,The Canucks have themselves a SECRET WEAPON on their hands...,CT2UwAvpAxk,2024-03-04
03_Reference/transcripts/20240306-E2a86gme8TY.txt,03_Reference/transcripts/2024/This Canucks team is proving to EVERYONE that they’re for real [E2a86gme8TY].txt,2024,This Canucks team is proving to EVERYONE that they’re for real...,E2a86gme8TY,2024-03-06
03_Reference/transcripts/20240307-2aj2z0hoSu8.txt,03_Reference/transcripts/2024/This Canucks prospect is TAKING OVER… [2aj2z0hoSu8].txt,2024,This Canucks prospect is TAKING OVER….,2aj2z0hoSu8,2024-03-07
03_Reference/transcripts/20240308-KOXQZYqebF0.txt,03_Reference/transcripts/2024/This Canucks team is TERRIFYING when they're like this [KOXQZYqebF0].txt,2024,This Canucks team is TERRIFYING when they're like this...,KOXQZYqebF0,2024-03-08
03_Reference/transcripts/20240310-NtMeOtxTWc0.txt,03_Reference/transcripts/2024/This Canucks team just DOMINATED the Jets [NtMeOtxTWc0].txt,2024,This Canucks team just DOMINATED the Jets...,NtMeOtxTWc0,2024-03-10
03_Reference/transcripts/20240312-dFj7KUyXUAQ.txt,03_Reference/transcripts/2024/This kid is out of control… [dFj7KUyXUAQ].txt,2024,This kid is out of control…,dFj7KUyXUAQ,2024-03-12
03_Reference/transcripts/20240314-VMIP1ktcU8s.txt,03_Reference/transcripts/2024/This Canucks game left me in UTTER SHOCK [VMIP1ktcU8s].txt,2024,This Canucks game left me in UTTER SHOCK....,VMIP1ktcU8s,2024-03-14
03_Reference/transcripts/20240317-qhdZCGEIa-w.txt,03_Reference/transcripts/2024/Penguins fans will NOT be happy to hear this [qhdZCGEIa-w].txt,2024,Penguins fans will NOT be happy to hear this...,qhdZCGEIa-w,2024-03-17
03_Reference/transcripts/20240317-sMLZrFw3hTs.txt,03_Reference/transcripts/2024/This could be a PROBLEM for the Canucks… [sMLZrFw3hTs].txt,2024,This could be a PROBLEM for the Canucks…,sMLZrFw3hTs,2024-03-17
03_Reference/transcripts/20240318-nK_7_zMGdpM.txt,03_Reference/transcripts/2024/The Canucks have an absolute WILDCARD up their sleeves [nK_7_zMGdpM].txt,2024,The Canucks have an absolute WILDCARD up their sleeves...,nK_7_zMGdpM,2024-03-18
03_Reference/transcripts/20240320-Pqw27OvfZcQ.txt,03_Reference/transcripts/2024/This Canucks team is so DOMINANT when they do this [Pqw27OvfZcQ].txt,2024,This Canucks team is so DOMINANT when they do this...,Pqw27OvfZcQ,2024-03-20
03_Reference/transcripts/20240322-cGOWvlQkMYg.txt,03_Reference/transcripts/2024/This Canucks team is a pure JOY to watch [cGOWvlQkMYg].txt,2024,This Canucks team is a pure JOY to watch...,cGOWvlQkMYg,2024-03-22
03_Reference/transcripts/20240324-adGkqBi7qD0.txt,03_Reference/transcripts/2024/The Canucks found themselves a GOLD MINE in this player [adGkqBi7qD0].txt,2024,The Canucks found themselves a GOLD MINE in this player...,adGkqBi7qD0,2024-03-24
03_Reference/transcripts/20240326--Fn-aa79_S0.txt,03_Reference/transcripts/2024/This Canucks game ended so DRAMATICALLY [-Fn-aa79_S0].txt,2024,This Canucks game ended so DRAMATICALLY...,-Fn-aa79_S0,2024-03-26
03_Reference/transcripts/20240329-ZYjGXyiaTd0.txt,03_Reference/transcripts/2024/This Canucks game came DOWN TO THE WIRE [ZYjGXyiaTd0].txt,2024,This Canucks game came DOWN TO THE WIRE...,ZYjGXyiaTd0,2024-03-29
03_Reference/transcripts/20240331-BYxO5RwuVtU.txt,03_Reference/transcripts/2024/No NHL team has EVER been eliminated from playoffs like this [BYxO5RwuVtU].txt,2024,No NHL team has EVER been eliminated from playoffs like this...,BYxO5RwuVtU,2024-03-31
03_Reference/transcripts/20240401-WOABSuMY8sU.txt,03_Reference/transcripts/2024/This Canucks player just surprised EVERYONE with this [WOABSuMY8sU].txt,2024,This Canucks player just surprised EVERYONE with this...,WOABSuMY8sU,2024-04-01
03_Reference/transcripts/20240403-K9XFOlf4BDg.txt,03_Reference/transcripts/2024/This RIGHT HERE was absolutely ridiculous [K9XFOlf4BDg].txt,2024,This RIGHT HERE was absolutely ridiculous...,K9XFOlf4BDg,2024-04-03
03_Reference/transcripts/20240404-RDtYsdVUwVw.txt,03_Reference/transcripts/2024/This Canucks game had such a WILD ending… [RDtYsdVUwVw].txt,2024,This Canucks game had such a WILD ending….,RDtYsdVUwVw,2024-04-04
03_Reference/transcripts/20240406-nZMwkDrt7B0.txt,03_Reference/transcripts/2024/Quinn Hughes just made NHL HISTORY [nZMwkDrt7B0].txt,2024,Quinn Hughes just made NHL HISTORY.....,nZMwkDrt7B0,2024-04-06
03_Reference/transcripts/20240407-p8bL4q5Sq9o.txt,03_Reference/transcripts/2024/This is just PAINFUL for Canucks fans to hear [p8bL4q5Sq9o].txt,2024,This is just PAINFUL for Canucks fans to hear...,p8bL4q5Sq9o,2024-04-07
03_Reference/transcripts/20240409-cn6BA8aqipY.txt,03_Reference/transcripts/2024/The Canucks NEEDED this win… [cn6BA8aqipY].txt,2024,The Canucks NEEDED this win…,cn6BA8aqipY,2024-04-09
03_Reference/transcripts/20240411-8weQvm2BC3Y.txt,03_Reference/transcripts/2024/What the hell did we just witness in this Canucks game… [8weQvm2BC3Y].txt,2024,What the hell did we just witness in this Canucks game….,8weQvm2BC3Y,2024-04-11
03_Reference/transcripts/20240412-a9L76yWlPnY.txt,03_Reference/transcripts/2024/THIS is what happens when you disrespect Sidney Crosby [a9L76yWlPnY].txt,2024,THIS is what happens when you disrespect Sidney Crosby....,a9L76yWlPnY,2024-04-12
03_Reference/transcripts/20240414-Aymc47lShJ8.txt,03_Reference/transcripts/2024/The Canucks just won their BIGGEST game of the season [Aymc47lShJ8].txt,2024,The Canucks just won their BIGGEST game of the season...,Aymc47lShJ8,2024-04-14
03_Reference/transcripts/20240417-Pp6EYG8Z5c4.txt,03_Reference/transcripts/2024/THIS Canucks team is Canada's best shot at a Stanley Cup [Pp6EYG8Z5c4].txt,2024,THIS Canucks team is Canada's best shot at a Stanley Cup...,Pp6EYG8Z5c4,2024-04-17
03_Reference/transcripts/20240419-Skit5Qporrc.txt,03_Reference/transcripts/2024/The moment EVERYONE has been waiting for… [Skit5Qporrc].txt,2024,The moment EVERYONE has been waiting for…,Skit5Qporrc,2024-04-19
03_Reference/transcripts/20240421-hSsVa4v_Z5s.txt,03_Reference/transcripts/2024/This was a tough watch for Leafs fans… [hSsVa4v_Z5s].txt,2024,This was a tough watch for Leafs fans…,hSsVa4v_Z5s,2024-04-21
03_Reference/transcripts/20240422-7rRZ3_8VCH8.txt,03_Reference/transcripts/2024/This Canucks team just left me absolutely SPEECHLESS [7rRZ3_8VCH8].txt,2024,This Canucks team just left me absolutely SPEECHLESS....,7rRZ3_8VCH8,2024-04-22
03_Reference/transcripts/20240424-NV11onyo2Qs.txt,03_Reference/transcripts/2024/Canucks fans are not happy about this AT ALL [NV11onyo2Qs].txt,2024,Canucks fans are not happy about this AT ALL...,NV11onyo2Qs,2024-04-24
03_Reference/transcripts/20240427-DQhOoBVEg0I.txt,03_Reference/transcripts/2024/The Canucks just won their most STRESSFUL game yet [DQhOoBVEg0I].txt,2024,The Canucks just won their most STRESSFUL game yet...,DQhOoBVEg0I,2024-04-27
03_Reference/transcripts/20240428-EA0W1ErUFPc.txt,03_Reference/transcripts/2024/It just keeps on getting WORSE for the leafs [EA0W1ErUFPc].txt,2024,It just keeps on getting WORSE for the leafs...,EA0W1ErUFPc,2024-04-28
03_Reference/transcripts/20240429-cVi65MFlzsk.txt,03_Reference/transcripts/2024/The Canucks just pulled off something UNBELIEVABLE [cVi65MFlzsk].txt,2024,The Canucks just pulled off something UNBELIEVABLE...,cVi65MFlzsk,2024-04-29
03_Reference/transcripts/20240430-MrBlxj4i9LY.txt,03_Reference/transcripts/2024/It's about to get UGLY for the leafs [MrBlxj4i9LY].txt,2024,It's about to get UGLY for the leafs...,MrBlxj4i9LY,2024-04-30
03_Reference/transcripts/20240501-6cwFWYiGgRw.txt,03_Reference/transcripts/2024/Canucks fans absolutely HATED seeing this [6cwFWYiGgRw].txt,2024,Canucks fans absolutely HATED seeing this...,6cwFWYiGgRw,2024-05-01
03_Reference/transcripts/20240503-TjESwFY1Tko.txt,03_Reference/transcripts/2024/THIS is what happens when you disregard William Nylander [TjESwFY1Tko].txt,2024,THIS is what happens when you disregard William Nylander...,TjESwFY1Tko,2024-05-03
03_Reference/transcripts/20240504-UAoYtms6FhA.txt,03_Reference/transcripts/2024/The Canucks are easy first round exits [UAoYtms6FhA].txt,2024,"""The Canucks are easy first round exits""",UAoYtms6FhA,2024-05-04
03_Reference/transcripts/20240505-QGgbeHVKFs8.txt,03_Reference/transcripts/2024/Things have NEVER felt worse for leafs fans [QGgbeHVKFs8].txt,2024,Things have NEVER felt worse for leafs fans....,QGgbeHVKFs8,2024-05-05
03_Reference/transcripts/20240506-En8-hyBpyUg.txt,03_Reference/transcripts/2024/This is not great for the Leafs [En8-hyBpyUg].txt,2024,This is not great for the Leafs...,En8-hyBpyUg,2024-05-06
03_Reference/transcripts/20240507-ZNIcfNkwek4.txt,03_Reference/transcripts/2024/Leafs fans are NOT gonna like hearing this [ZNIcfNkwek4].txt,2024,Leafs fans are NOT gonna like hearing this...,ZNIcfNkwek4,2024-05-07
03_Reference/transcripts/20240508-jvyEktykq2M.txt,03_Reference/transcripts/2024/The Oilers are NOT ready for this at all [jvyEktykq2M].txt,2024,The Oilers are NOT ready for this at all....,jvyEktykq2M,2024-05-08
03_Reference/transcripts/20240509-6cehdrJ95L4.txt,03_Reference/transcripts/2024/The Canucks just SHOCKED EVERYONE after this [6cehdrJ95L4].txt,2024,The Canucks just SHOCKED EVERYONE after this....,6cehdrJ95L4,2024-05-09
03_Reference/transcripts/20240511-UcBvA1MELjM.txt,03_Reference/transcripts/2024/This Canucks game was just CRAZY to watch [UcBvA1MELjM].txt,2024,This Canucks game was just CRAZY to watch...,UcBvA1MELjM,2024-05-11
03_Reference/transcripts/20240513-gNEs2qjmRtg.txt,03_Reference/transcripts/2024/The Canucks just pulled out a HUGE win right here [gNEs2qjmRtg].txt,2024,The Canucks just pulled out a HUGE win right here....,gNEs2qjmRtg,2024-05-13
03_Reference/transcripts/20240515-RnWOakjqooY.txt,03_Reference/transcripts/2024/I could not BELIEVE how this Canucks game ended [RnWOakjqooY].txt,2024,I could not BELIEVE how this Canucks game ended....,RnWOakjqooY,2024-05-15
03_Reference/transcripts/20240517-eQ_wD0HA6g4.txt,03_Reference/transcripts/2024/The Canucks keep on SURPRISING everyone [eQ_wD0HA6g4].txt,2024,The Canucks keep on SURPRISING everyone...,eQ_wD0HA6g4,2024-05-17
03_Reference/transcripts/20240519-3d8hnBOiGu0.txt,03_Reference/transcripts/2024/This series is about to end in complete CHAOS… [3d8hnBOiGu0].txt,2024,This series is about to end in complete CHAOS…,3d8hnBOiGu0,2024-05-19
03_Reference/transcripts/20240522-qhKADI5w_VM.txt,03_Reference/transcripts/2024/The greatest series in the playoffs just had a WILD ending… [qhKADI5w_VM].txt,2024,The greatest series in the playoffs just had a WILD ending….,qhKADI5w_VM,2024-05-22
03_Reference/transcripts/20240523-KGjiWaQhmsA.txt,03_Reference/transcripts/2024/Hearing this is a HUGE relief for Canucks fans [KGjiWaQhmsA].txt,2024,Hearing this is a HUGE relief for Canucks fans....,KGjiWaQhmsA,2024-05-23
03_Reference/transcripts/20240525--Rv4n-wCz3s.txt,03_Reference/transcripts/2024/Are the Canucks making a big MISTAKE here [-Rv4n-wCz3s].txt,2024,Are the Canucks making a big MISTAKE here??,-Rv4n-wCz3s,2024-05-25
03_Reference/transcripts/20240527-QF0YYmKq3OI.txt,03_Reference/transcripts/2024/Could Canucks fans see this happening [QF0YYmKq3OI].txt,2024,Could Canucks fans see this happening?,QF0YYmKq3OI,2024-05-27
03_Reference/transcripts/20240527-rSBqywayEdw.txt,03_Reference/transcripts/2024/He just shocked EVERYONE with this right here… [rSBqywayEdw].txt,2024,He just shocked EVERYONE with this right here….,rSBqywayEdw,2024-05-27
03_Reference/transcripts/20240529-f66o-EfXPsA.txt,03_Reference/transcripts/2024/The Canucks have a REALLY GREAT opportunity here [f66o-EfXPsA].txt,2024,The Canucks have a REALLY GREAT opportunity here...,f66o-EfXPsA,2024-05-29
03_Reference/transcripts/20240531-si02S8O4HM0.txt,03_Reference/transcripts/2024/Matthew Tkachuk is an absolute MENACE for this [si02S8O4HM0].txt,2024,Matthew Tkachuk is an absolute MENACE for this...,si02S8O4HM0,2024-05-31
03_Reference/transcripts/20240602-Z9qFzPloT6o.txt,03_Reference/transcripts/2024/Nobody appreciated this EXACT moment [Z9qFzPloT6o].txt,2024,Nobody appreciated this EXACT moment...,Z9qFzPloT6o,2024-06-02
03_Reference/transcripts/20240604-7NdwwJpZfnc.txt,03_Reference/transcripts/2024/Canucks fans should be HYPED about this… [7NdwwJpZfnc].txt,2024,Canucks fans should be HYPED about this…,7NdwwJpZfnc,2024-06-04
03_Reference/transcripts/20240608--SEX84iNM7M.txt,03_Reference/transcripts/2024/Canucks fans don't know how to feel about THIS [-SEX84iNM7M].txt,2024,Canucks fans don't know how to feel about THIS...,-SEX84iNM7M,2024-06-08
03_Reference/transcripts/20240609-BL5Cm6tcDhU.txt,03_Reference/transcripts/2024/The Oilers were NOT ready for this at all [BL5Cm6tcDhU].txt,2024,The Oilers were NOT ready for this at all...,BL5Cm6tcDhU,2024-06-09
03_Reference/transcripts/20240611-fpacMnKI_vI.txt,03_Reference/transcripts/2024/The Edmonton Oilers are absolutely RATTLED right now [fpacMnKI_vI].txt,2024,The Edmonton Oilers are absolutely RATTLED right now...,fpacMnKI_vI,2024-06-11
03_Reference/transcripts/20240612-VnHRkQb0dQY.txt,03_Reference/transcripts/2024/This is absolutely HUGE for the Florida Panthers [VnHRkQb0dQY].txt,2024,This is absolutely HUGE for the Florida Panthers....,VnHRkQb0dQY,2024-06-12
03_Reference/transcripts/20240614-sNnq3RybOPo.txt,03_Reference/transcripts/2024/The Panthers just EMBARRASSED the Edmonton Oilers [sNnq3RybOPo].txt,2024,The Panthers just EMBARRASSED the Edmonton Oilers...,sNnq3RybOPo,2024-06-14
03_Reference/transcripts/20240616-kdM1aRjMvoc.txt,03_Reference/transcripts/2024/The Florida Panthers do NOT need to worry [kdM1aRjMvoc].txt,2024,The Florida Panthers do NOT need to worry....,kdM1aRjMvoc,2024-06-16
03_Reference/transcripts/20240619-nTeNHrZlrk4.txt,03_Reference/transcripts/2024/What just HAPPENED to the Florida Panthers [nTeNHrZlrk4].txt,2024,What just HAPPENED to the Florida Panthers...,nTeNHrZlrk4,2024-06-19
03_Reference/transcripts/20240622-FTXLHsywEvE.txt,03_Reference/transcripts/2024/This is getting real BAD for the Florida Panthers [FTXLHsywEvE].txt,2024,This is getting real BAD for the Florida Panthers....,FTXLHsywEvE,2024-06-22
03_Reference/transcripts/20240625-I5oHzaLU45E.txt,03_Reference/transcripts/2024/The Stanley Cup Finals just ended in TOTAL CHAOS [I5oHzaLU45E].txt,2024,The Stanley Cup Finals just ended in TOTAL CHAOS...,I5oHzaLU45E,2024-06-25
03_Reference/transcripts/20240628-QDoUHQE82eY.txt,03_Reference/transcripts/2024/Could this be a possibility for the Canucks [QDoUHQE82eY].txt,2024,Could this be a possibility for the Canucks?,QDoUHQE82eY,2024-06-28
03_Reference/transcripts/20240720-xMye69pNa8I.txt,03_Reference/transcripts/2024/The Canucks just got an absolute STEAL with this player [xMye69pNa8I].txt,2024,The Canucks just got an absolute STEAL with this player....,xMye69pNa8I,2024-07-20
03_Reference/transcripts/20240724-3wOCasCp-oc.txt,03_Reference/transcripts/2024/This New Canucks player could surprise EVERYONE next season… [3wOCasCp-oc].txt,2024,This New Canucks player could surprise EVERYONE next season…,3wOCasCp-oc,2024-07-24
03_Reference/transcripts/20240916-q6SO1G1QC50.txt,03_Reference/transcripts/2024/The Canucks have an absolute STAR in the making [q6SO1G1QC50].txt,2024,The Canucks have an absolute STAR in the making...,q6SO1G1QC50,2024-09-16
03_Reference/transcripts/20240918-8u-cHFSDjvo.txt,03_Reference/transcripts/2024/This Canucks prospect is EXTREMELY underrated [8u-cHFSDjvo].txt,2024,This Canucks prospect is EXTREMELY underrated...,8u-cHFSDjvo,2024-09-18
03_Reference/transcripts/20240925-UU74aKYemqk.txt,03_Reference/transcripts/2024/The Vancouver Canucks are OFFICIALLY back [UU74aKYemqk].txt,2024,The Vancouver Canucks are OFFICIALLY back...,UU74aKYemqk,2024-09-25
03_Reference/transcripts/20241005-_OAqhN7JUSw.txt,03_Reference/transcripts/2024/The Vancouver Canucks are SO READY for the season to start [_OAqhN7JUSw].txt,2024,The Vancouver Canucks are SO READY for the season to start,_OAqhN7JUSw,2024-10-05
03_Reference/transcripts/20241010-H8fppxbMs-E.txt,03_Reference/transcripts/2024/The Canucks season opener completely SHOCKED everybody [H8fppxbMs-E].txt,2024,The Canucks season opener completely SHOCKED everybody...,H8fppxbMs-E,2024-10-10
03_Reference/transcripts/20241012-38h2jr2_1yA.txt,03_Reference/transcripts/2024/Canucks fans are NOT happy about this right now [38h2jr2_1yA].txt,2024,Canucks fans are NOT happy about this right now...,38h2jr2_1yA,2024-10-12
03_Reference/transcripts/20241016-7ZX1Vf82rmw.txt,03_Reference/transcripts/2024/What is going on with the Vancouver Canucks right now [7ZX1Vf82rmw].txt,2024,What is going on with the Vancouver Canucks right now?,7ZX1Vf82rmw,2024-10-16
03_Reference/transcripts/20241018-GcPof6cN_fw.txt,03_Reference/transcripts/2024/The Vancouver Canucks are BACK ON TRACK [GcPof6cN_fw].txt,2024,The Vancouver Canucks are BACK ON TRACK,GcPof6cN_fw,2024-10-18
03_Reference/transcripts/20241020-XZPzWRy7CDI.txt,03_Reference/transcripts/2024/The Canucks just got PERFECT Revenge [XZPzWRy7CDI].txt,2024,The Canucks just got PERFECT Revenge...,XZPzWRy7CDI,2024-10-20
03_Reference/transcripts/20241024-41zqG4aLBmo.txt,03_Reference/transcripts/2024/The Canucks just made this look TOO easy [41zqG4aLBmo].txt,2024,The Canucks just made this look TOO easy....,41zqG4aLBmo,2024-10-24
03_Reference/transcripts/20241027-g-vyVzmKpJM.txt,03_Reference/transcripts/2024/The Canucks completely TOOK OVER this hockey game [g-vyVzmKpJM].txt,2024,The Canucks completely TOOK OVER this hockey game....,g-vyVzmKpJM,2024-10-27
03_Reference/transcripts/20241029-JOJYvvatq5I.txt,03_Reference/transcripts/2024/The Canucks have been given a GEM out of NOWHERE [JOJYvvatq5I].txt,2024,The Canucks have been given a GEM out of NOWHERE....,JOJYvvatq5I,2024-10-29
03_Reference/transcripts/20241031-8uPHWpxWol0.txt,03_Reference/transcripts/2024/This was a complete DISASTER from the Canucks [8uPHWpxWol0].txt,2024,This was a complete DISASTER from the Canucks....,8uPHWpxWol0,2024-10-31
03_Reference/transcripts/20241103-_h_bzV4g96Q.txt,03_Reference/transcripts/2024/The Canucks just won in such a DRAMATIC way [_h_bzV4g96Q].txt,2024,The Canucks just won in such a DRAMATIC way...,_h_bzV4g96Q,2024-11-03
03_Reference/transcripts/20241106-ZiL-m3h1KLM.txt,03_Reference/transcripts/2024/This Canucks player is looking like a STEAL of the offseason [ZiL-m3h1KLM].txt,2024,This Canucks player is looking like a STEAL of the offseason....,ZiL-m3h1KLM,2024-11-06
03_Reference/transcripts/20241108-jtBFyJr7ICs.txt,03_Reference/transcripts/2024/This Canucks player just DOMINATED the Los Angeles Kings [jtBFyJr7ICs].txt,2024,This Canucks player just DOMINATED the Los Angeles Kings...,jtBFyJr7ICs,2024-11-08
03_Reference/transcripts/20241110-78LxC07vaGE.txt,03_Reference/transcripts/2024/This was painful to watch for Canucks fans [78LxC07vaGE].txt,2024,This was painful to watch for Canucks fans....,78LxC07vaGE,2024-11-10
03_Reference/transcripts/20241113-msLWr29tLx4.txt,03_Reference/transcripts/2024/The Canucks FINALLY have their STAR player back! [msLWr29tLx4].txt,2024,The Canucks FINALLY have their STAR player back!,msLWr29tLx4,2024-11-13
03_Reference/transcripts/20241117-qyVEBsXoD6Y.txt,03_Reference/transcripts/2024/The Vancouver Canucks OWN Connor Bedard [qyVEBsXoD6Y].txt,2024,The Vancouver Canucks OWN Connor Bedard...,qyVEBsXoD6Y,2024-11-17
03_Reference/transcripts/20241118-dZRmNZHpa0Q.txt,03_Reference/transcripts/2024/Why do the Vancouver Canucks ALWAYS do this [dZRmNZHpa0Q].txt,2024,Why do the Vancouver Canucks ALWAYS do this....,dZRmNZHpa0Q,2024-11-18
03_Reference/transcripts/20241120-3_GIj8H1y3s.txt,03_Reference/transcripts/2024/This Canucks game was an absolute BATTLE [3_GIj8H1y3s].txt,2024,This Canucks game was an absolute BATTLE...,3_GIj8H1y3s,2024-11-20
03_Reference/transcripts/20241124-ULjEADCJ0EU.txt,03_Reference/transcripts/2024/The Canucks just pulled off a MASSIVE character win [ULjEADCJ0EU].txt,2024,The Canucks just pulled off a MASSIVE character win...,ULjEADCJ0EU,2024-11-24
03_Reference/transcripts/20241127-Q6ytW3cuzk8.txt,03_Reference/transcripts/2024/The Canucks just won their GUTSIEST game yet [Q6ytW3cuzk8].txt,2024,The Canucks just won their GUTSIEST game yet...,Q6ytW3cuzk8,2024-11-27
03_Reference/transcripts/20241128-bLTDDAArTt8.txt,03_Reference/transcripts/2024/I could not BELIEVE the ending to this Canucks game [bLTDDAArTt8].txt,2024,I could not BELIEVE the ending to this Canucks game...,bLTDDAArTt8,2024-11-28
03_Reference/transcripts/20241130-VRrszsOPdTk.txt,03_Reference/transcripts/2024/This Canucks player is the most UNDERRATED in the NHL [VRrszsOPdTk].txt,2024,This Canucks player is the most UNDERRATED in the NHL...,VRrszsOPdTk,2024-11-30
03_Reference/transcripts/20241204-92VcMQIIXVI.txt,03_Reference/transcripts/2024/The ending to this Canucks game was absolutely WILD! [92VcMQIIXVI].txt,2024,The ending to this Canucks game was absolutely WILD!,92VcMQIIXVI,2024-12-04
03_Reference/transcripts/20241207-ruF22q9V9to.txt,03_Reference/transcripts/2024/This Canucks team is REALLY heating up now after this [ruF22q9V9to].txt,2024,This Canucks team is REALLY heating up now after this....,ruF22q9V9to,2024-12-07
03_Reference/transcripts/20241209-HT0eQJeKLKA.txt,03_Reference/transcripts/2024/This has become absolutely UNACCEPTABLE [HT0eQJeKLKA].txt,2024,This has become absolutely UNACCEPTABLE...,HT0eQJeKLKA,2024-12-09
03_Reference/transcripts/20241211-qWzW2J3nrrc.txt,03_Reference/transcripts/2024/This is seriously starting to get RIDICULOUS now [qWzW2J3nrrc].txt,2024,This is seriously starting to get RIDICULOUS now....,qWzW2J3nrrc,2024-12-11
03_Reference/transcripts/20241213-sNIPuGUJVRs.txt,03_Reference/transcripts/2024/I have NO WORDS to describe this Canucks team [sNIPuGUJVRs].txt,2024,I have NO WORDS to describe this Canucks team...,sNIPuGUJVRs,2024-12-13
03_Reference/transcripts/20241215-k1tWMGlKntU.txt,03_Reference/transcripts/2024/This CANNOT be allowed to happen ever again [k1tWMGlKntU].txt,2024,This CANNOT be allowed to happen ever again...,k1tWMGlKntU,2024-12-15
03_Reference/transcripts/20241217-soYJsHkSIrs.txt,03_Reference/transcripts/2024/This Canucks player has SERIOUSLY become something special [soYJsHkSIrs].txt,2024,This Canucks player has SERIOUSLY become something special....,soYJsHkSIrs,2024-12-17
03_Reference/transcripts/20241219-Rsdi9glkauE.txt,03_Reference/transcripts/2024/The NHL should NEVER allow this to happen [Rsdi9glkauE].txt,2024,The NHL should NEVER allow this to happen...,Rsdi9glkauE,2024-12-19
03_Reference/transcripts/20241220-7ANEdmyeKtA.txt,03_Reference/transcripts/2024/This is starting to get VERY concerning [7ANEdmyeKtA].txt,2024,This is starting to get VERY concerning...,7ANEdmyeKtA,2024-12-20
03_Reference/transcripts/20241222-yh3dME7d45c.txt,03_Reference/transcripts/2024/You HAVE to feel bad for him at this point [yh3dME7d45c].txt,2024,You HAVE to feel bad for him at this point....,yh3dME7d45c,2024-12-22
03_Reference/transcripts/20241224-prufbrujBRs.txt,03_Reference/transcripts/2024/He just showed EVERYONE what he is capable of [prufbrujBRs].txt,2024,He just showed EVERYONE what he is capable of...,prufbrujBRs,2024-12-24
03_Reference/transcripts/20241227-fUDCdfelxMk.txt,03_Reference/transcripts/2024/Did the Canucks seriously MESS UP with this player WJC 2025 [fUDCdfelxMk].txt,2024,Did the Canucks seriously MESS UP with this player? | WJC 2025,fUDCdfelxMk,2024-12-27
03_Reference/transcripts/20241229-2r5OlvJZ9Gc.txt,03_Reference/transcripts/2024/Things have NEVER felt worse for Canucks fans this season [2r5OlvJZ9Gc].txt,2024,Things have NEVER felt worse for Canucks fans this season...,2r5OlvJZ9Gc,2024-12-29
03_Reference/transcripts/20241230-Y6n3hj71mC8.txt,03_Reference/transcripts/2024/This player is going to SAVE the Vancouver Canucks WJC 2025 [Y6n3hj71mC8].txt,2024,This player is going to SAVE the Vancouver Canucks | WJC 2025,Y6n3hj71mC8,2024-12-30
03_Reference/transcripts/20250102-V34gbmJzn1E.txt,03_Reference/transcripts/2025/This is the most URGENT problem the Canucks have [V34gbmJzn1E].txt,2025,This is the most URGENT problem the Canucks have...,V34gbmJzn1E,2025-01-02
03_Reference/transcripts/20250103-fluLaUu6VJw.txt,03_Reference/transcripts/2025/The Canucks absolutely NEEDED this win [fluLaUu6VJw].txt,2025,The Canucks absolutely NEEDED this win....,fluLaUu6VJw,2025-01-03
03_Reference/transcripts/20250105-ZeOQVA2AGVY.txt,03_Reference/transcripts/2025/THIS is what happens when the media takes things too far [ZeOQVA2AGVY].txt,2025,THIS is what happens when the media takes things too far...,ZeOQVA2AGVY,2025-01-05
03_Reference/transcripts/20250107-UhREKWbRZUw.txt,03_Reference/transcripts/2025/They can NEVER afford to let this happen again [UhREKWbRZUw].txt,2025,They can NEVER afford to let this happen again...,UhREKWbRZUw,2025-01-07
03_Reference/transcripts/20250109--DvC8IlLRBw.txt,03_Reference/transcripts/2025/How does this KEEP on happening [-DvC8IlLRBw].txt,2025,How does this KEEP on happening??,-DvC8IlLRBw,2025-01-09
03_Reference/transcripts/20250111-e4dGRUrledo.txt,03_Reference/transcripts/2025/Something needs to change with this team NOW [e4dGRUrledo].txt,2025,Something needs to change with this team NOW...,e4dGRUrledo,2025-01-11
03_Reference/transcripts/20250112-7zPNpCfwUC0.txt,03_Reference/transcripts/2025/The Canucks just pulled off their most CRUCIAL win yet [7zPNpCfwUC0].txt,2025,The Canucks just pulled off their most CRUCIAL win yet...,7zPNpCfwUC0,2025-01-12
03_Reference/transcripts/20250117-qzd-ZLjsqFs.txt,03_Reference/transcripts/2025/This Canucks team is in SERIOUS trouble [qzd-ZLjsqFs].txt,2025,This Canucks team is in SERIOUS trouble....,qzd-ZLjsqFs,2025-01-17
03_Reference/transcripts/20250119-n7mCufMHHQs.txt,03_Reference/transcripts/2025/This was a MUST-WIN game for the Canucks [n7mCufMHHQs].txt,2025,This was a MUST-WIN game for the Canucks....,n7mCufMHHQs,2025-01-19
03_Reference/transcripts/20250121-QZ6JVeI_wmQ.txt,03_Reference/transcripts/2025/When you’re forced to answer the STUPIDEST questions ever… [QZ6JVeI_wmQ].txt,2025,When you’re forced to answer the STUPIDEST questions ever…,QZ6JVeI_wmQ,2025-01-21
03_Reference/transcripts/20250122-hWItsn7EQPY.txt,03_Reference/transcripts/2025/This has become completely INEXCUSABLE [hWItsn7EQPY].txt,2025,This has become completely INEXCUSABLE...,hWItsn7EQPY,2025-01-22
03_Reference/transcripts/20250126-DakXxET0IIc.txt,03_Reference/transcripts/2025/It's UNBELIEVABLE how dominant Quinn Hughes is [DakXxET0IIc].txt,2025,It's UNBELIEVABLE how dominant Quinn Hughes is....,DakXxET0IIc,2025-01-26
03_Reference/transcripts/20250128-5lvfmGEqQr4.txt,03_Reference/transcripts/2025/THIS is what we need to see from the Canucks [5lvfmGEqQr4].txt,2025,THIS is what we need to see from the Canucks....,5lvfmGEqQr4,2025-01-28
03_Reference/transcripts/20250130-kbeP_FXsTkE.txt,03_Reference/transcripts/2025/The Canucks NEED to keep this going [kbeP_FXsTkE].txt,2025,The Canucks NEED to keep this going....,kbeP_FXsTkE,2025-01-30
03_Reference/transcripts/20250201-96WhZkfXPgE.txt,03_Reference/transcripts/2025/The Canucks just SHOCKED the entire NHL today [96WhZkfXPgE].txt,2025,The Canucks just SHOCKED the entire NHL today....,96WhZkfXPgE,2025-02-01
03_Reference/transcripts/20250203-VcRfKcLsK7U.txt,03_Reference/transcripts/2025/The Canucks have a BRAND new look now [VcRfKcLsK7U].txt,2025,The Canucks have a BRAND new look now....,VcRfKcLsK7U,2025-02-03
03_Reference/transcripts/20250205-_N17_Si5XRA.txt,03_Reference/transcripts/2025/The Canucks have found an absolute GEM in this player [_N17_Si5XRA].txt,2025,The Canucks have found an absolute GEM in this player....,_N17_Si5XRA,2025-02-05
03_Reference/transcripts/20250207-Jri_60_2kNM.txt,03_Reference/transcripts/2025/This NEW Canucks player was such a STEAL [Jri_60_2kNM].txt,2025,This NEW Canucks player was such a STEAL...,Jri_60_2kNM,2025-02-07
03_Reference/transcripts/20250209-j5UUKXwSwVc.txt,03_Reference/transcripts/2025/The Vancouver Canucks are BACK on track [j5UUKXwSwVc].txt,2025,The Vancouver Canucks are BACK on track...,j5UUKXwSwVc,2025-02-09
03_Reference/transcripts/20250216-YG0O0wz9qrc.txt,03_Reference/transcripts/2025/This was absolutely UNBELIEVABLE to watch… [YG0O0wz9qrc].txt,2025,This was absolutely UNBELIEVABLE to watch…,YG0O0wz9qrc,2025-02-16
03_Reference/transcripts/20250218-uMX_GW6asTA.txt,03_Reference/transcripts/2025/This completely changes EVERYTHING [uMX_GW6asTA].txt,2025,This completely changes EVERYTHING....,uMX_GW6asTA,2025-02-18
03_Reference/transcripts/20250221-sQXIhOEyEHw.txt,03_Reference/transcripts/2025/Why this is the BIGGEST Rivalry in Hockey History.… [sQXIhOEyEHw].txt,2025,Why this is the BIGGEST Rivalry in Hockey History.…,sQXIhOEyEHw,2025-02-21
03_Reference/transcripts/20250224-6fSqGQmceUo.txt,03_Reference/transcripts/2025/Canucks fans are NOT happy about this right now [6fSqGQmceUo].txt,2025,Canucks fans are NOT happy about this right now...,6fSqGQmceUo,2025-02-24
03_Reference/transcripts/20250227-IncA8S5GfTA.txt,03_Reference/transcripts/2025/This was a HUGE character win for the Canucks [IncA8S5GfTA].txt,2025,This was a HUGE character win for the Canucks...,IncA8S5GfTA,2025-02-27
03_Reference/transcripts/20250228-Vq-IQA6ShfA.txt,03_Reference/transcripts/2025/This is Completely Pathetic [Vq-IQA6ShfA].txt,2025,This is Completely Pathetic...,Vq-IQA6ShfA,2025-02-28
03_Reference/transcripts/20250302-2GLPUcpozi4.txt,03_Reference/transcripts/2025/It just KEEPS getting worse for the Canucks [2GLPUcpozi4].txt,2025,It just KEEPS getting worse for the Canucks....,2GLPUcpozi4,2025-03-02
03_Reference/transcripts/20250306-yeLw-1fWXRE.txt,03_Reference/transcripts/2025/The Canucks absolutely needed this to happen [yeLw-1fWXRE].txt,2025,The Canucks absolutely needed this to happen...,yeLw-1fWXRE,2025-03-06
03_Reference/transcripts/20250308-_sDoorbTwoI.txt,03_Reference/transcripts/2025/We haven't seen him do this in FOREVER [_sDoorbTwoI].txt,2025,We haven't seen him do this in FOREVER...,_sDoorbTwoI,2025-03-08
03_Reference/transcripts/20250310-h4IWi5mUR7s.txt,03_Reference/transcripts/2025/They need to figure this out [h4IWi5mUR7s].txt,2025,They need to figure this out....,h4IWi5mUR7s,2025-03-10
03_Reference/transcripts/20250313-2zg2mJp6AK0.txt,03_Reference/transcripts/2025/The Canucks just won their most IMPORTANT game yet [2zg2mJp6AK0].txt,2025,The Canucks just won their most IMPORTANT game yet...,2zg2mJp6AK0,2025-03-13
03_Reference/transcripts/20250317-54j9zuc5b5I.txt,"03_Reference/transcripts/2025/Well, things just got real… [54j9zuc5b5I].txt",2025,"Well, things just got real…",54j9zuc5b5I,2025-03-17
03_Reference/transcripts/20250319-SmHpr3it-c4.txt,03_Reference/transcripts/2025/This Canucks team just SURPRISED everyone [SmHpr3it-c4].txt,2025,This Canucks team just SURPRISED everyone....,SmHpr3it-c4,2025-03-19
03_Reference/transcripts/20250321-S3k5OL2HJ1M.txt,03_Reference/transcripts/2025/I could not BELIEVE what we just witnessed [S3k5OL2HJ1M].txt,2025,I could not BELIEVE what we just witnessed....,S3k5OL2HJ1M,2025-03-21
03_Reference/transcripts/20250322-vhrgRFnHJdA.txt,03_Reference/transcripts/2025/You seriously COULD NOT write this [vhrgRFnHJdA].txt,2025,You seriously COULD NOT write this...,vhrgRFnHJdA,2025-03-22
03_Reference/transcripts/20250325-iJr8L9YUiGM.txt,03_Reference/transcripts/2025/This Canucks rookie just came up HUGE [iJr8L9YUiGM].txt,2025,This Canucks rookie just came up HUGE...,iJr8L9YUiGM,2025-03-25
03_Reference/transcripts/20250327-B2DlVuoMZ00.txt,03_Reference/transcripts/2025/This Canucks player just CLUTCHED up against his former team [B2DlVuoMZ00].txt,2025,This Canucks player just CLUTCHED up against his former team...,B2DlVuoMZ00,2025-03-27
03_Reference/transcripts/20250329-sKcxbgn5ZcY.txt,03_Reference/transcripts/2025/There is NO WAY that just happened… [sKcxbgn5ZcY].txt,2025,There is NO WAY that just happened….,sKcxbgn5ZcY,2025-03-29
03_Reference/transcripts/20250331-BWpLdhCOiv8.txt,03_Reference/transcripts/2025/The Canucks might FINALLY be cooked… [BWpLdhCOiv8].txt,2025,The Canucks might FINALLY be cooked…,BWpLdhCOiv8,2025-03-31
03_Reference/transcripts/20250406-PfyDS-2N8pU.txt,03_Reference/transcripts/2025/This Canucks team makes absolutely ZERO sense [PfyDS-2N8pU].txt,2025,This Canucks team makes absolutely ZERO sense....,PfyDS-2N8pU,2025-04-06
03_Reference/transcripts/20250409-lqj7o9Dw20Y.txt,03_Reference/transcripts/2025/The Canucks just pulled off the IMPOSSIBLE… [lqj7o9Dw20Y].txt,2025,The Canucks just pulled off the IMPOSSIBLE…,lqj7o9Dw20Y,2025-04-09
03_Reference/transcripts/20250411-BKt4cHMa4AM.txt,03_Reference/transcripts/2025/This Kid is going to be SPECIAL for the Canucks next season [BKt4cHMa4AM].txt,2025,This Kid is going to be SPECIAL for the Canucks next season...,BKt4cHMa4AM,2025-04-11
03_Reference/transcripts/20250413-DV-3qQI-CQU.txt,03_Reference/transcripts/2025/This has NO BUSINESS being in the NHL [DV-3qQI-CQU].txt,2025,This has NO BUSINESS being in the NHL...,DV-3qQI-CQU,2025-04-13
03_Reference/transcripts/20250415-OcpE-H8uPq0.txt,03_Reference/transcripts/2025/The Canucks have ANOTHER good goalie [OcpE-H8uPq0].txt,2025,The Canucks have ANOTHER good goalie??,OcpE-H8uPq0,2025-04-15
03_Reference/transcripts/20250417-iw3KnZAx-Oo.txt,03_Reference/transcripts/2025/Are the Canucks making a MISTAKE here [iw3KnZAx-Oo].txt,2025,Are the Canucks making a MISTAKE here??,iw3KnZAx-Oo,2025-04-17
03_Reference/transcripts/20250421-qvDUFtbFqbI.txt,03_Reference/transcripts/2025/This was absolutely INSANE to watch… [qvDUFtbFqbI].txt,2025,This was absolutely INSANE to watch…,qvDUFtbFqbI,2025-04-21
03_Reference/transcripts/20250422-Kw3uqmwWnKs.txt,03_Reference/transcripts/2025/How do NHL refs allow this to happen [Kw3uqmwWnKs].txt,2025,How do NHL refs allow this to happen???,Kw3uqmwWnKs,2025-04-22
03_Reference/transcripts/20250423-Aa_fY0iWgg4.txt,03_Reference/transcripts/2025/This series just keeps on getting CRAZIER [Aa_fY0iWgg4].txt,2025,This series just keeps on getting CRAZIER....,Aa_fY0iWgg4,2025-04-23
03_Reference/transcripts/20250424-2dxmbVAzi3o.txt,03_Reference/transcripts/2025/THIS is what happens when the Refs lose control of a series [2dxmbVAzi3o].txt,2025,THIS is what happens when the Refs lose control of a series....,2dxmbVAzi3o,2025-04-24
03_Reference/transcripts/20250426-G4-e2swdx2E.txt,03_Reference/transcripts/2025/What on EARTH did we actually just witness [G4-e2swdx2E].txt,2025,What on EARTH did we actually just witness...,G4-e2swdx2E,2025-04-26
03_Reference/transcripts/20250430-XIwMMIi1Gv0.txt,03_Reference/transcripts/2025/Leafs fans are NOT happy about this right now [XIwMMIi1Gv0].txt,2025,Leafs fans are NOT happy about this right now...,XIwMMIi1Gv0,2025-04-30
03_Reference/transcripts/20250504-klOh-vVfXRg.txt,03_Reference/transcripts/2025/I've NEVER Seen a More Perfect NHL Playoff Moment [klOh-vVfXRg].txt,2025,I've NEVER Seen a More Perfect NHL Playoff Moment....,klOh-vVfXRg,2025-05-04
03_Reference/transcripts/20250506-9gaEaHlkpZ0.txt,03_Reference/transcripts/2025/Sam Bennett REALLY said this after hit on Stolarz [9gaEaHlkpZ0].txt,2025,Sam Bennett REALLY said this after hit on Stolarz...,9gaEaHlkpZ0,2025-05-06
03_Reference/transcripts/20250506-jVbcFt8_7KE.txt,03_Reference/transcripts/2025/This is so PAINFUL for leafs fans to hear [jVbcFt8_7KE].txt,2025,This is so PAINFUL for leafs fans to hear....,jVbcFt8_7KE,2025-05-06
03_Reference/transcripts/20250512-yW1m8OcFFE0.txt,03_Reference/transcripts/2025/The Toronto Maple Leafs just SCREWED themselves over with this [yW1m8OcFFE0].txt,2025,The Toronto Maple Leafs just SCREWED themselves over with this....,yW1m8OcFFE0,2025-05-12
03_Reference/transcripts/20250514-0tIJKDgTRMw.txt,03_Reference/transcripts/2025/The Canucks just signed an absolute STAR in the making [0tIJKDgTRMw].txt,2025,The Canucks just signed an absolute STAR in the making....,0tIJKDgTRMw,2025-05-14
03_Reference/transcripts/20250515-eTl6Lt16y2A.txt,03_Reference/transcripts/2025/It just keeps on getting WORSE for the Maple Leafs [eTl6Lt16y2A].txt,2025,It just keeps on getting WORSE for the Maple Leafs....,eTl6Lt16y2A,2025-05-15
03_Reference/transcripts/20250519-eB00CPak80s.txt,03_Reference/transcripts/2025/You NEED to hear what Marchand just said about Leafs Fans [eB00CPak80s].txt,2025,You NEED to hear what Marchand just said about Leafs Fans...,eB00CPak80s,2025-05-19
03_Reference/transcripts/20250519-rXhquK-oAog.txt,03_Reference/transcripts/2025/Things have literally NEVER felt worse for Leafs fans [rXhquK-oAog].txt,2025,Things have literally NEVER felt worse for Leafs fans...,rXhquK-oAog,2025-05-19
03_Reference/transcripts/20250521-I60qVUCiPcE.txt,03_Reference/transcripts/2025/Leafs fans are NOT HAPPY to hear this at all [I60qVUCiPcE].txt,2025,Leafs fans are NOT HAPPY to hear this at all....,I60qVUCiPcE,2025-05-21
03_Reference/transcripts/20250522-i__w9MNTeS8.txt,03_Reference/transcripts/2025/Are the Leafs making a HUGE mistake with this [i__w9MNTeS8].txt,2025,Are the Leafs making a HUGE mistake with this??,i__w9MNTeS8,2025-05-22
03_Reference/transcripts/20250529-YC-y4tRyxZM.txt,03_Reference/transcripts/2025/This Canucks prospect is turning into an absolute FORCE [YC-y4tRyxZM].txt,2025,This Canucks prospect is turning into an absolute FORCE....,YC-y4tRyxZM,2025-05-29
03_Reference/transcripts/20250602-aQVrwxwr3Us.txt,03_Reference/transcripts/2025/This is the BEST Canucks news in a VERY long time [aQVrwxwr3Us].txt,2025,This is the BEST Canucks news in a VERY long time....,aQVrwxwr3Us,2025-06-02
03_Reference/transcripts/20250605-cJ4yvJe5ccs.txt,03_Reference/transcripts/2025/This is a HUGE decision for the Vancouver Canucks… [cJ4yvJe5ccs].txt,2025,This is a HUGE decision for the Vancouver Canucks…,cJ4yvJe5ccs,2025-06-05
03_Reference/transcripts/20250613-G92o6hTyulU.txt,03_Reference/transcripts/2025/The Canucks absolutely NEED to make this happen [G92o6hTyulU].txt,2025,The Canucks absolutely NEED to make this happen.....,G92o6hTyulU,2025-06-13
03_Reference/transcripts/20250618-5h_nFySE3iI.txt,03_Reference/transcripts/2025/The Canucks are impressing EVERYONE with this [5h_nFySE3iI].txt,2025,The Canucks are impressing EVERYONE with this....,5h_nFySE3iI,2025-06-18
03_Reference/transcripts/20250620-naHGFw98pGg.txt,03_Reference/transcripts/2025/This Canucks prospect just showed EVERYONE how good he is [naHGFw98pGg].txt,2025,This Canucks prospect just showed EVERYONE how good he is....,naHGFw98pGg,2025-06-20
03_Reference/transcripts/20250621-fH-BXgNViJQ.txt,03_Reference/transcripts/2025/Brad Marchand is an absolute MENACE for saying this [fH-BXgNViJQ].txt,2025,Brad Marchand is an absolute MENACE for saying this...,fH-BXgNViJQ,2025-06-21
03_Reference/transcripts/20250624-c8JGVDCdrMs.txt,03_Reference/transcripts/2025/The Canucks just achieved something UNBELIEVABLE… [c8JGVDCdrMs].txt,2025,The Canucks just achieved something UNBELIEVABLE….,c8JGVDCdrMs,2025-06-24
03_Reference/transcripts/20250625-iBoJXb9XKD0.txt,03_Reference/transcripts/2025/The Canucks just SURPRISED the entire NHL with this trade [iBoJXb9XKD0].txt,2025,The Canucks just SURPRISED the entire NHL with this trade....,iBoJXb9XKD0,2025-06-25
03_Reference/transcripts/20250705-f6QHC16ELz8.txt,03_Reference/transcripts/2025/This could be a DREAM acquisition for the Canucks [f6QHC16ELz8].txt,2025,This could be a DREAM acquisition for the Canucks....,f6QHC16ELz8,2025-07-05
03_Reference/transcripts/20250809-_EhDTBDrPqk.txt,03_Reference/transcripts/2025/This new Canucks prospect is such a HUGE surprise [_EhDTBDrPqk].txt,2025,This new Canucks prospect is such a HUGE surprise...,_EhDTBDrPqk,2025-08-09
03_Reference/transcripts/20250915-9Ew-cc6ecso.txt,03_Reference/transcripts/2025/These Canucks players just IMPRESSED at the prospect showcase [9Ew-cc6ecso].txt,2025,These Canucks players just IMPRESSED at the prospect showcase....,9Ew-cc6ecso,2025-09-15
03_Reference/transcripts/20250925-mViQ2emtoX4.txt,03_Reference/transcripts/2025/This Young Canucks Defenceman is turning into a MONSTER [mViQ2emtoX4].txt,2025,This Young Canucks Defenceman is turning into a MONSTER....,mViQ2emtoX4,2025-09-25
03_Reference/transcripts/20250927-v-3gk_TuWkQ.txt,03_Reference/transcripts/2025/The Canucks have an absolute STAR in the making [v-3gk_TuWkQ].txt,2025,The Canucks have an absolute STAR in the making....,v-3gk_TuWkQ,2025-09-27
03_Reference/transcripts/20250929-eKKqBe_16no.txt,03_Reference/transcripts/2025/The Canucks have a VERY difficult decision to make here [eKKqBe_16no].txt,2025,The Canucks have a VERY difficult decision to make here....,eKKqBe_16no,2025-09-29
03_Reference/transcripts/20251002-6Ou710CCIqI.txt,03_Reference/transcripts/2025/Canucks fans are absolutely LOVING this right now [6Ou710CCIqI].txt,2025,Canucks fans are absolutely LOVING this right now...,6Ou710CCIqI,2025-10-02
03_Reference/transcripts/20251004-FJzxBpYwv5I.txt,03_Reference/transcripts/2025/This Canucks youngster is WAY BETTER than we imagined [FJzxBpYwv5I].txt,2025,This Canucks youngster is WAY BETTER than we imagined....,FJzxBpYwv5I,2025-10-04
03_Reference/transcripts/20251010-hWofmROBEhE.txt,03_Reference/transcripts/2025/The Vancouver Canucks are OFFICIALLY back [hWofmROBEhE].txt,2025,The Vancouver Canucks are OFFICIALLY back....,hWofmROBEhE,2025-10-10
03_Reference/transcripts/20251012-7P93-kdQO8I.txt,03_Reference/transcripts/2025/He just proved why he's STILL one of the best in the NHL [7P93-kdQO8I].txt,2025,He just proved why he's STILL one of the best in the NHL...,7P93-kdQO8I,2025-10-12
03_Reference/transcripts/20251017-3j1tS07toZI.txt,03_Reference/transcripts/2025/The Vancouver Canucks make absolutely NO SENSE [3j1tS07toZI].txt,2025,The Vancouver Canucks make absolutely NO SENSE...,3j1tS07toZI,2025-10-17
03_Reference/transcripts/20251018-TxoI-rEWkrQ.txt,03_Reference/transcripts/2025/This Canucks player is REALLY making a name for himself [TxoI-rEWkrQ].txt,2025,This Canucks player is REALLY making a name for himself...,TxoI-rEWkrQ,2025-10-18
03_Reference/transcripts/20251019-V1Gtq654PkA.txt,03_Reference/transcripts/2025/The Canucks just had a MASSIVE character win [V1Gtq654PkA].txt,2025,The Canucks just had a MASSIVE character win....,V1Gtq654PkA,2025-10-19
03_Reference/transcripts/20251022-XllCx6WGOM4.txt,03_Reference/transcripts/2025/The Canucks are SUDDENLY in a very tough position [XllCx6WGOM4].txt,2025,The Canucks are SUDDENLY in a very tough position...,XllCx6WGOM4,2025-10-22
03_Reference/transcripts/20251024-0dqHT2U1KFo.txt,03_Reference/transcripts/2025/The Canucks have some SERIOUS issues to address [0dqHT2U1KFo].txt,2025,The Canucks have some SERIOUS issues to address....,0dqHT2U1KFo,2025-10-24
03_Reference/transcripts/20251026-WorJ2mmsPig.txt,03_Reference/transcripts/2025/This is starting to get RIDICULOUS from him [WorJ2mmsPig].txt,2025,This is starting to get RIDICULOUS from him....,WorJ2mmsPig,2025-10-26
03_Reference/transcripts/20251027-9O1DeU3jwws.txt,03_Reference/transcripts/2025/This Canucks player keeps on SHOCKING everyone [9O1DeU3jwws].txt,2025,This Canucks player keeps on SHOCKING everyone....,9O1DeU3jwws,2025-10-27
03_Reference/transcripts/20251029-NJjqcK9Bh8o.txt,03_Reference/transcripts/2025/How does this POSSIBLY keep happening to the Canucks [NJjqcK9Bh8o].txt,2025,How does this POSSIBLY keep happening to the Canucks??,NJjqcK9Bh8o,2025-10-29
03_Reference/transcripts/20251031-2ngU2uRVePA.txt,03_Reference/transcripts/2025/This Canucks player is genuinely TAKING OVER the NHL [2ngU2uRVePA].txt,2025,This Canucks player is genuinely TAKING OVER the NHL....,2ngU2uRVePA,2025-10-31
03_Reference/transcripts/20251104-xYecXXuzXH8.txt,03_Reference/transcripts/2025/This Canucks player is UNSTOPPABLE against the Predators… [xYecXXuzXH8].txt,2025,This Canucks player is UNSTOPPABLE against the Predators….,xYecXXuzXH8,2025-11-04
03_Reference/transcripts/20251109-FGOQzA5_3fc.txt,03_Reference/transcripts/2025/This Canucks team is EXTREMELY Chaotic [FGOQzA5_3fc].txt,2025,This Canucks team is EXTREMELY Chaotic....,FGOQzA5_3fc,2025-11-09
03_Reference/transcripts/20251110-Lgu57rOTQbw.txt,03_Reference/transcripts/2025/This was the CRAZIEST Canucks game yet [Lgu57rOTQbw].txt,2025,This was the CRAZIEST Canucks game yet....,Lgu57rOTQbw,2025-11-10
03_Reference/transcripts/20251115-TeJY_CGy_yw.txt,03_Reference/transcripts/2025/Canucks fans are NOT happy about this right now [TeJY_CGy_yw].txt,2025,Canucks fans are NOT happy about this right now....,TeJY_CGy_yw,2025-11-15
03_Reference/transcripts/20251117-3USZm0lCIRI.txt,03_Reference/transcripts/2025/This Canucks team REALLY just pulled that off [3USZm0lCIRI].txt,2025,This Canucks team REALLY just pulled that off.....,3USZm0lCIRI,2025-11-17
03_Reference/transcripts/20251118-oYK2Flgyzrc.txt,03_Reference/transcripts/2025/This Canucks team is a complete ROLLERCOASTER of emotions [oYK2Flgyzrc].txt,2025,This Canucks team is a complete ROLLERCOASTER of emotions.....,oYK2Flgyzrc,2025-11-18
03_Reference/transcripts/20251121-4lMLe4qJBuY.txt,03_Reference/transcripts/2025/the Canucks NEED to figure this out [4lMLe4qJBuY].txt,2025,the Canucks NEED to figure this out....,4lMLe4qJBuY,2025-11-21
03_Reference/transcripts/20251127-nNTK2XK52qM.txt,03_Reference/transcripts/2025/The Vancouver Canucks are VERY confusing [nNTK2XK52qM].txt,2025,The Vancouver Canucks are VERY confusing...,nNTK2XK52qM,2025-11-27
03_Reference/transcripts/20251129-VK5cqh3Q6Lg.txt,03_Reference/transcripts/2025/How does the NHL actually allow this to happen [VK5cqh3Q6Lg].txt,2025,How does the NHL actually allow this to happen???,VK5cqh3Q6Lg,2025-11-29
03_Reference/transcripts/20251130-SAgzJ8_oXFc.txt,03_Reference/transcripts/2025/I have NEVER seen an NHL game start like this before [SAgzJ8_oXFc].txt,2025,I have NEVER seen an NHL game start like this before....,SAgzJ8_oXFc,2025-11-30
03_Reference/transcripts/20251203-BBTLC1dKf7g.txt,03_Reference/transcripts/2025/Is THIS the main problem that the Canucks have right now [BBTLC1dKf7g].txt,2025,Is THIS the main problem that the Canucks have right now???,BBTLC1dKf7g,2025-12-03
03_Reference/transcripts/20251206-K84vAj52yVg.txt,03_Reference/transcripts/2025/What should the Vancouver Canucks do now [K84vAj52yVg].txt,2025,What should the Vancouver Canucks do now??,K84vAj52yVg,2025-12-06
03_Reference/transcripts/20251207-XWK2K9QxcqA.txt,03_Reference/transcripts/2025/This Canucks prospect just TOOK OVER the game [XWK2K9QxcqA].txt,2025,This Canucks prospect just TOOK OVER the game....,XWK2K9QxcqA,2025-12-07
03_Reference/transcripts/20251212-e-j7D4ZbEp0.txt,03_Reference/transcripts/2025/Things have NEVER looked worse for the Canucks this season [e-j7D4ZbEp0].txt,2025,Things have NEVER looked worse for the Canucks this season....,e-j7D4ZbEp0,2025-12-12
03_Reference/transcripts/20251213-40ddqCxn8sg.txt,03_Reference/transcripts/2025/The Canucks just SHOCKED the entire NHL today [40ddqCxn8sg].txt,2025,The Canucks just SHOCKED the entire NHL today....,40ddqCxn8sg,2025-12-13
03_Reference/transcripts/20251214-5DyxfKZ7Q1E.txt,03_Reference/transcripts/2025/The Vancouver Canucks have a BRAND NEW look [5DyxfKZ7Q1E].txt,2025,The Vancouver Canucks have a BRAND NEW look...,5DyxfKZ7Q1E,2025-12-14
03_Reference/transcripts/20251217-uPLnhvXBC48.txt,03_Reference/transcripts/2025/This NEW Canucks player looks VERY promising [uPLnhvXBC48].txt,2025,This NEW Canucks player looks VERY promising...,uPLnhvXBC48,2025-12-17
03_Reference/transcripts/20251220-vn5j8wX91nc.txt,03_Reference/transcripts/2025/The Canucks are the most CONFUSING team in the NHL [vn5j8wX91nc].txt,2025,The Canucks are the most CONFUSING team in the NHL....,vn5j8wX91nc,2025-12-20
03_Reference/transcripts/20251221-YITXrHbc2ko.txt,03_Reference/transcripts/2025/Are the Vancouver Canucks back ALREADY [YITXrHbc2ko].txt,2025,Are the Vancouver Canucks back ALREADY??,YITXrHbc2ko,2025-12-21
03_Reference/transcripts/20251223-3S78hCqOUWM.txt,03_Reference/transcripts/2025/The Vancouver Canucks have to DECIDE what they want to do here [3S78hCqOUWM].txt,2025,The Vancouver Canucks have to DECIDE what they want to do here....,3S78hCqOUWM,2025-12-23
03_Reference/transcripts/20251230-ddUGIG-joSE.txt,03_Reference/transcripts/2025/The Canucks are BAFFLING to watch this season [ddUGIG-joSE].txt,2025,The Canucks are BAFFLING to watch this season....,ddUGIG-joSE,2025-12-30
03_Reference/transcripts/20260110-5bejrXgt0DM.txt,03_Reference/transcripts/2026/Why the Canucks MUST draft Gavin McKenna [5bejrXgt0DM].txt,2026,Why the Canucks MUST draft Gavin McKenna....,5bejrXgt0DM,2026-01-10
03_Reference/transcripts/20260113-N5-LIV1UyHA.txt,03_Reference/transcripts/2026/This player is becoming the GREATEST Swedish Prospect of all time [N5-LIV1UyHA].txt,2026,This player is becoming the GREATEST Swedish Prospect of all time....,N5-LIV1UyHA,2026-01-13
03_Reference/transcripts/20260121-IpYEJh2m4Ys.txt,03_Reference/transcripts/2026/This kid is being called one of the BEST D-man Prospects in the last 25 YEARS [IpYEJh2m4Ys].txt,2026,This kid is being called one of the BEST D-man Prospects in the last 25 YEARS....,IpYEJh2m4Ys,2026-01-21
03_Reference/transcripts/20260128-XXNxausshDg.txt,03_Reference/transcripts/2026/This prospect is the DARKHORSE to go 1st Overall in the 2026 NHL Draft [XXNxausshDg].txt,2026,This prospect is the DARKHORSE to go 1st Overall in the 2026 NHL Draft....,XXNxausshDg,2026-01-28
03_Reference/transcripts/20260219-ZeuPu879hg8.txt,03_Reference/transcripts/2026/The 2026 Olympics just left me SPEECHLESS [ZeuPu879hg8].txt,2026,The 2026 Olympics just left me SPEECHLESS....,ZeuPu879hg8,2026-02-19
03_Reference/transcripts/20260222-8FPDa6-_WRQ.txt,03_Reference/transcripts/2026/I have NEVER heard a story like this ever in my life [8FPDa6-_WRQ].txt,2026,I have NEVER heard a story like this ever in my life....,8FPDa6-_WRQ,2026-02-22
03_Reference/transcripts/20260308-bS6KHGnewJI.txt,03_Reference/transcripts/2026/This TOP prospect would fit PERFECTLY on the Canucks [bS6KHGnewJI].txt,2026,This TOP prospect would fit PERFECTLY on the Canucks...,bS6KHGnewJI,2026-03-08
